Open,Close,High,Low,Volume,Date
0,15256,15257,15255,,10/30/20
0,15394,15394,15392,,10/29/20
0,15819,15820,15818,,10/28/20
0,15602,15602,15601,,10/27/20
0,15397,15398,15396,,10/26/20
0,15768,15769,15767,,10/23/20
0,15706,15708,15706,,10/22/20
0,16064,16065,16063,,10/21/20
0,15792,15792,15790,,10/20/20
0,15652,15654,15652,,10/19/20
0,15602,15604,15602,,10/16/20
0,15353,15354,15351,,10/15/20
0,15105,15106,15104,,10/14/20
0,15199,15199,15190,,10/13/20
0,15216,15218,15216,,10/12/20
0,14990,14991,14988,,10/09/20
0,14570,14570,14570,,10/08/20
0,14570,14571,14569,,10/07/20
0,14642,14644,14642,,10/06/20
0,14359,14361,14359,,10/05/20
0,14271,14272,14269,,10/02/20
0,14430,14431,14428,,10/01/20
0,14385,14386,14384,,09/30/20
0,14470,14471,14469,,09/29/20
0,14415,14417,14415,,09/28/20
0,14285,14286,14284,,09/25/20
0,14179,14180,14178,,09/24/20
0,14365,14366,14364,,09/23/20
0,14554,14555,14553,,09/22/20
0,14692,14692,14690,,09/21/20
0,14908,14909,14906,,09/18/20
0,14895,14896,14894,,09/17/20
0,15159,15161,15159,,09/16/20
0,15229.5,15229.5,15229.5,,09/15/20
0,15089,15140,15089,,09/14/20
0,14935,14936,14934,,09/11/20
0,14747,14749,14747,,09/10/20
0,14822,14822,14820,,09/09/20
0,15115,15115,15115,,09/08/20
0,15185,15186,15184,,09/07/20
0,15210,15211,15209,,09/04/20
0,15135,15136,15134,,09/03/20
0,15658,15659,15657,,09/02/20
0,15660,15696,15659,,09/01/20
0,15414,15415,15412,,08/28/20
0,15034,15034,15034,,08/27/20
0,15034,15035,15033,,08/26/20
0,14880,14881,14879,,08/25/20
0,14862,14863,14861,,08/24/20
0,14562,14563,14561,,08/21/20
0,14620,14620,14620,,08/20/20
0,14706,14706,14704,,08/19/20
0,14601,14603,14601,,08/18/20
0,14541.5,14549,14541.5,,08/17/20
0,14234,14236,14234,,08/14/20
0,14106,14107,14105,,08/13/20
0,14167,14168,14166,,08/12/20
0,14153,14154,14152,,08/11/20
0,14146,14147,14145,,08/10/20
0,14334,14336,14334,,08/07/20
0,14380,14382,14380,,08/06/20
0,14250,14251,14249,,08/05/20
0,13887,13889,13887,,08/04/20
0,13682,13684,13682,,08/03/20
0,13756,13757,13755,,07/31/20
0,13716,13717,13715,,07/30/20
0,13762,13763,13761,,07/29/20
0,13470,13471,13469,,07/28/20
0,13718,13719,13717,,07/27/20
0,13430,13431,13429,,07/24/20
0,13460,13461,13459,,07/23/20
0,13215,13216,13214,,07/22/20
0,13315,13316,13314,,07/21/20
0,13161,13163,13161,,07/20/20
0,13281,13282,13280,,07/17/20
0,13254,13254,13252,,07/16/20
0,13512,13513,13511,,07/15/20
0,13545,13545,13545,,07/14/20
0,13482,13483,13481,,07/13/20
0,13070,13071,13069,,07/10/20
0,13425,13426,13424,,07/09/20
0,13414,13416,13414,,07/08/20
0,13232,13232,13230,,07/07/20
0,13242,13243,13241,,07/06/20
0,13040,13041,13039,,07/03/20
0,12823,12824,12822,,07/02/20
0,12555,12556,12554,,07/01/20
0,12789,12791,12789,,06/30/20
0,12684,12685,12683,,06/29/20
0,12709,12710,12708,,06/26/20
0,12386,12387,12385,,06/25/20
0,12510,12511,12509,,06/24/20
0,12540,12542,12540,,06/23/20
0,12624,12626,12624,,06/22/20
0,12855,12856,12854,,06/19/20
0,12760,12761,12759,,06/18/20
0,12900,12901,12899,,06/17/20
0,12887,12887,12887,,06/16/20
0,12503,12504,12502,,06/15/20
0,12734,12734,12732,,06/12/20
0,12615,12616,12614,,06/11/20
0,12882,12882,12880,,06/10/20
0,12804,12805,12803,,06/09/20
0,12943,12944,12942,,06/08/20
0,12784,12786,12784,,06/05/20
0,12607,12609,12607,,06/04/20
0,12813,12813,12811,,06/03/20
0,12680,12681,12679,,06/02/20
0,12418,12419,12417,,06/01/20
0,12120,12121,12119,,05/29/20
0,12134,12134,12132,,05/28/20
0,12145,12145,12143,,05/27/20
0,12260,12261,12259,,05/26/20
0,12124,12125,12123,,05/22/20
0,12762,12763,12761,,05/21/20
0,12335,12336,12334,,05/20/20
0,12260,12260,12260,,05/19/20
0,11949,11951,11949,,05/18/20
0,11807,11808,11806,,05/15/20
0,12084,12085,12083,,05/14/20
0,12200,12201,12199,,05/13/20
0,12275,12276,12274,,05/12/20
0,12247,12247,12247,,05/11/20
0,12247,12248,12246,,05/07/20
0,12200,12200,12198,,05/06/20
0,11805,11806,11804,,05/05/20
0,11852,11854,11852,,05/01/20
0,12134,12135,12133,,04/30/20
0,12135,12136,12134,,04/29/20
0,12251,12252.5,12250,,04/28/20
0,12255,12257,12255,,04/27/20
0,12073,12074,12072,,04/24/20
0,12010,12011,12009,,04/23/20
0,11895,11896,11894,,04/22/20
0,12085,12193,12084,,04/21/20
0,12256,12256,12254,,04/20/20
0,11886,11888,11886,,04/17/20
0,11657,11658,11656,,04/16/20
0,11713,11713,11711,,04/15/20
0,11723,11724,11722,,04/14/20
0,11457,11458,11456,,04/09/20
0,11425,11426,11424,,04/08/20
0,11349,11351,11349,,04/07/20
0,11162,11164,11161,,04/06/20
0,11192,11193,11191,,04/03/20
0,11185,11186,11184,,04/02/20
0,11220,11221,11219,,04/01/20
0,11235,11236,11234,,03/31/20
0,11280,11281,11279,,03/30/20
0,11225,11226,11224,,03/27/20
0,11220,11222,11220,,03/26/20
0,11177,11177,11173,,03/25/20
0,11075,11076,11073,,03/24/20
0,11055,11056,11053,,03/23/20
0,11370,11370,11365,,03/20/20
0,11229,11235,11225,,03/19/20
0,11416.5,11420,11416.5,,03/18/20
0,11900,11900,11900,,03/17/20
0,11774,11775,11770,,03/16/20
0,12564,12565,11856.5,,03/13/20
0,11855,11860,11850,,03/12/20
0,12435,12435,12430,,03/11/20
0,12415,12415,12415,,03/10/20
0,12414,12415,12410,,03/09/20
0,12704,12706,12700,,03/06/20
0,12790,12791,12789,,03/05/20
0,12697.5,12700,12696.5,,03/04/20
0,12550,12555,12549,,03/03/20
0,12435,12441,12434,,03/02/20
0,12186,12186,12150,,02/28/20
0,12277.5,12280,12276.5,,02/27/20
0,12285,12295,12280,,02/26/20
0,12540,12540,12535.5,,02/25/20
0,12355,12370,12354,,02/24/20
0,12454,12454,12436.5,,02/21/20
0,12681.5,12685,12680,,02/20/20
0,12738,12738,12690,,02/19/20
0,12942.5,13070,12942.5,,02/18/20
0,13070,13070,13065,,02/17/20
0,13031,13035,13029,,02/14/20
0,13063.5,13065,13050,,02/13/20
0,13047.5,13049,13045,,02/12/20
0,13086.5,13100,13086.5,,02/11/20
0,12880,12880,12875,,02/10/20
0,12765,12766,12760,,02/07/20
0,13010,13011,13005,,02/06/20
0,13001.5,13005,12985,,02/05/20
0,12787.5,12831,12786.5,,02/04/20
0,12747.5,12755,12746.5,,02/03/20
0,12672.5,12680,12671.5,,01/31/20
0,12531.5,12535,12524,,01/30/20
0,12630,12630,12625,,01/29/20
0,12740,12750,12720,,01/28/20
0,12640,12641,12630,,01/27/20
0,12985,12989,12984,,01/24/20
0,13275.5,13300,13275.5,,01/23/20
0,13642.5,13646,13641.5,,01/22/20
0,13845,13845,13845,,01/21/20
0,13842.5,13845,13840,,01/20/20
0,13839,13840,13835,,01/17/20
0,14290,14290,14285,,01/16/20
0,13946.5,13950,13940,,01/15/20
0,13675,13681,13674,,01/14/20
0,14189,14190,14185,,01/13/20
0,14044,14046,14040,,01/10/20
0,14122.5,14125,14114,,01/09/20
0,13807.5,13810,13805,,01/08/20
0,13857.5,13861,13855,,01/07/20
0,13790,13795,13749,,01/06/20
0,13736.5,13739.5,13720,,01/03/20
0,14000,14000,14000,,01/02/20
0,13995,14000,13994,,12/31/19
0,14238,14238,14220,,12/30/19
0,13999,13999,13995,,12/27/19
0,14286.5,14289,14285,,12/24/19
0,14392.5,14400,14390,,12/23/19
0,14035,14035,14035,,12/20/19
0,14166,14166,14031.5,,12/19/19
0,13803.5,13850,13803.5,,12/18/19
0,14174,14174,14174,,12/17/19
0,14083.5,14090,14081.5,,12/16/19
0,14130,14142.5,14130,,12/13/19
0,13855,13855,13804,,12/12/19
0,13534,13535,13530,,12/11/19
0,13069,13084,13025,,12/10/19
0,13197.5,13210,13195,,12/09/19
0,13416.5,13420,13415,,12/06/19
0,13164,13170,13161.5,,12/05/19
0,13245,13246,13240,,12/04/19
0,13598.5,13600,13575,,12/03/19
0,13622.5,13625,13621.5,,12/02/19
0,13806.5,13810,13806.5,,11/29/19
0,14060,14070,14060,,11/28/19
0,14440,14445,14439,,11/27/19
0,14572,14572,14359,,11/26/19
0,14564,14566,14560,,11/25/19
0,14386.5,14400,14386.5,,11/22/19
0,14409,14410,14406.5,,11/21/19
0,14310,14311,14305,,11/20/19
0,14472.5,14475,14471.5,,11/19/19
0,14819,14819,14754,,11/18/19
0,14984,14989,14980,,11/15/19
0,15351.5,15355,15350,,11/14/19
0,15524,15530,15524,,11/13/19
0,15495,15500,15475,,11/12/19
0,15725,15740,15724,,11/11/19
0,16184.5,16190,16150,,11/08/19
0,16303.5,16305,16290,,11/07/19
0,16385,16390,16384,,11/06/19
0,16235,16240,16231.5,,11/05/19
0,16589,16591,16580,,11/04/19
0,16798,16799.5,16746.5,,11/01/19
0,16834.5,16835,16825,,10/31/19
0,16680,16680,16680,,10/30/19
0,16680,16680,16674,,10/29/19
0,16680,16680,16675,,10/28/19
0,16885,16890,16884,,10/25/19
0,16949.5,16955,16946.5,,10/24/19
0,16394.5,16395,16391.5,,10/23/19
0,16020,16021,16019,,10/22/19
0,16204,16219,16194,,10/21/19
0,16462,16463.5,16450,,10/18/19
0,16322.5,16324,16320,,10/17/19
0,16999.5,17005,16999,,10/16/19
0,16985,16985,16985,,10/15/19
0,17399.5,17582,17399,,10/14/19
0,17996,18000,17970,,10/11/19
0,17738.5,17738.5,17736.5,,10/10/19
0,17749.5,17750,17740,,10/09/19
0,17557.5,17570,17550,,10/08/19
0,17945,17946,17930,,10/07/19
0,17906,17905,17901.5,,10/04/19
0,17775,17781,17779,,10/03/19
0,17640,17670,17650,,10/02/19
0,17434,17393.5,17391.5,,10/01/19
0,17219,17566,17225,,09/30/19
0,17338.5,17409.5,17405,,09/27/19
0,17340,17365,17360,,09/26/19
0,17475,17194.5,17175,,09/25/19
0,17295,17266,17249,,09/24/19
0,17595,17760,17754,,09/23/19
0,17660,17976,17955,,09/20/19
0,17430,17261,17225,,09/19/19
0,17305,17230,17209,,09/18/19
0,17121,17125,17121,,09/17/19
0,17820,17820,17820,,09/16/19
0,17809,17820,17800,,09/13/19
0,18153,18188.5,18186.5,,09/12/19
0,17952,18326,18320,,09/11/19
0,18128,18065,18055,,09/10/19
0,18102,17895,17870,,09/09/19
0,17743,17499.5,17490,,09/06/19
0,17515,17539.5,17530,,09/05/19
0,18015,17910,17900,,09/04/19
0,18023,17950,17911.5,,09/03/19
0,18118,18625,18574,,09/02/19
0,18004,17859,17849,,08/30/19
0,16549,16350,16341.5,,08/29/19
0,16182,16025,15999,,08/28/19
0,15779,15934,15762,,08/27/19
0,15723,15755,15750,,08/23/19
0,15710,15766,15750,,08/22/19
0,15857,15755,15751.5,,08/21/19
0,15878.5,15859,15806,,08/20/19
0,15943,16025,15893,,08/19/19
0,16222,16086,16080,,08/16/19
0,16290,16000,15986.5,,08/15/19
0,15983,16050,16045,,08/14/19
0,15635,15635,15635,,08/13/19
0,15680,15634.5,15624,,08/12/19
0,15513,15620,15610,,08/09/19
0,15844,15494,15490,,08/08/19
0,14802,14739,14735,,08/07/19
0,14944,15020,15014,,08/06/19
0,14878,14860,14856.5,,08/05/19
0,14448,14530,14418.5,,08/02/19
0,14578,14290,14285,,08/01/19
0,14452,14359,14340,,07/31/19
0,14320,14205,14200,,07/30/19
0,14325,13990,13985,,07/29/19
0,14063,14060,14055,,07/26/19
0,14032,13988.5,13986.5,,07/25/19
0,14508,14475,14469,,07/24/19
0,14131,14304,14231,,07/23/19
0,14256,14320,14306.5,,07/22/19
0,14680,14450,14400,,07/19/19
0,14817,14684,14679,,07/18/19
0,14419,14229,14200,,07/17/19
0,14004,13920,13789,,07/16/19
0,13595,13461,13345,,07/15/19
0,13409.5,13205,13200,,07/12/19
0,13073,13090,13086.5,,07/11/19
0,12928,12789.5,12785,,07/10/19
0,12525,12525,12525,,07/09/19
0,12676,12525,12520,,07/08/19
0,12418,12300,12296.5,,07/05/19
0,12270,12305,12302.5,,07/04/19
0,12271.5,12190,12181.5,,07/03/19
0,12004.5,12030,12019,,07/02/19
0,12266,12360,12330,,07/01/19
0,12584,12584,12584,,06/28/19
0,12658,12664,12660,,06/27/19
0,12424,12399,12394,,06/26/19
0,12234,12210,12204,,06/25/19
0,12069.5,12065,12060,,06/24/19
0,12018.5,12135,12131.5,,06/21/19
0,12229.75,12255,12240,,06/20/19
0,12021,11881,11860,,06/19/19
0,11705,11705,11705,,06/18/19
0,11688,11750,11688,,06/17/19
0,11792,11919,11890,,06/14/19
0,11762,11920,11916.5,,06/13/19
0,11757,11760,11740,,06/12/19
0,11807,11825,11821.5,,06/11/19
0,11580,11580,11580,,06/10/19
0,11542,11579,11574,,06/07/19
0,11594,11710,11705,,06/06/19
0,11653,11765,11749,,06/05/19
0,11757,11800,11795,,06/04/19
0,11820,11860,11856.5,,06/03/19
0,11971.5,12045,12036.5,,05/31/19
0,12139.5,11979,11975,,05/30/19
0,12015,12039,12034,,05/29/19
0,12099,12235,12231.5,,05/28/19
0,12347,12160,12151.5,,05/24/19
0,11892,11870,11864,,05/23/19
0,12030,12030,12030,,05/22/19
0,12068,12030,12025,,05/21/19
0,11974,11915,11911.5,,05/20/19
0,12002,12025,12020,,05/17/19
0,12196,12225,12211.5,,05/16/19
0,12158,11929,11920,,05/15/19
0,11740,11740,11740,,05/14/19
0,11759,11747,11720,,05/13/19
0,11885,11865,11860,,05/10/19
0,11965,11965,11965,,05/09/19
0,11904.5,11965,11955,,05/08/19
0,12170,12170,12170,,05/07/19
0,12136.5,12170,12165,,05/03/19
0,12075,12125,12122.5,,05/02/19
0,12100,12135,12126.5,,05/01/19
0,12131.5,12360,12355,,04/30/19
0,12333,12335,12325,,04/29/19
0,12270,12270,12270,,04/26/19
0,12251.5,12270,12249,,04/25/19
0,12326.5,12340,12336.5,,04/24/19
0,12308,12491,12480,,04/23/19
0,12588,12629.5,12620,,04/18/19
0,12813,13050,12946.5,,04/17/19
0,12976,12976,12976,,04/16/19
0,12907.5,12854,12849,,04/15/19
0,12941.25,12946,12935,,04/12/19
0,12892.5,13020,13014,,04/11/19
0,13136.5,13119,13110,,04/10/19
0,13114,13165,13159,,04/09/19
0,13100.5,13150,13144,,04/08/19
0,12987,13091,13084,,04/05/19
0,13081.5,13045,13040,,04/04/19
0,13244,13200,13189,,04/03/19
0,13057.5,13020,13016.5,,04/02/19
0,13021,13155,13150,,04/01/19
0,12896.5,13015,13005,,03/29/19
0,12795.5,12780,12775,,03/28/19
0,12976.5,13006,13004,,03/27/19
0,12994.5,12850,12846.5,,03/26/19
0,12871,12775,12761.5,,03/25/19
0,12903,12930,12924,,03/22/19
0,12911,13145,13135,,03/21/19
0,13121,13195,13191.5,,03/20/19
0,13049,13094,13080,,03/19/19
0,12925,12925,12806.5,,03/18/19
0,12844.25,12844,12839,,03/15/19
0,12799,12930,12924,,03/14/19
0,13118,12950,12944,,03/13/19
0,13015,13150,13139,,03/12/19
0,12807.5,12989,12980,,03/11/19
0,13003.5,13039,13035,,03/08/19
0,13156,13380,13370,,03/07/19
0,13506,13610,13600,,03/06/19
0,13574,13451,13446.5,,03/05/19
0,13171,13160,13155,,03/04/19
0,13114.5,13160,13155,,03/01/19
0,12969,13040,13030,,02/28/19
0,12971.5,12880,12860,,02/27/19
0,12877,12820,12810,,02/26/19
0,12896,12940,12936.5,,02/25/19
0,12915.5,12935,12926.5,,02/22/19
0,12776,12715,12711.5,,02/21/19
0,12828,12700,12695,,02/20/19
0,12398,12400,12398,,02/19/19
0,12100,12100,12100,,02/18/19
0,12320,12100,12090,,02/15/19
0,12305,12305,12305,,02/14/19
0,12324,12304.5,12290,,02/13/19
0,12327.5,12455,12450,,02/12/19
0,12407,12474,12471.5,,02/11/19
0,12491.75,12735,12731.5,,02/08/19
0,12909.5,12845,12841.5,,02/07/19
0,12855.5,12929,12925,,02/06/19
0,12978.5,12870,12867.5,,02/05/19
0,13194,12681,12671.5,,02/04/19
0,12591.5,12459,12450,,02/01/19
0,12406.5,12380,12376.5,,01/31/19
0,12281,12244,12240,,01/30/19
0,12054,11885,11881.5,,01/29/19
0,11761,11844,11839,,01/28/19
0,11907,11715,11710,,01/25/19
0,11707,11540,11535,,01/24/19
0,11628,11615,11610,,01/23/19
0,11516.5,11616,11612.5,,01/22/19
0,11610,11687.87,11610,,01/21/19
0,11771.5,11610,11605,,01/18/19
0,11545.5,11450,11445,,01/17/19
0,11563.5,11580,11576.5,,01/16/19
0,11661,11429,11425,,01/15/19
0,11354.5,11420,11362,,01/14/19
0,11414,11400,11396.5,,01/11/19
0,11194,11225,11220,,01/10/19
0,11184,11205,11201.5,,01/09/19
0,11112.5,11055,11051.5,,01/08/19
0,11081,11039,11030,,01/07/19
0,11042.5,10919.5,10915,,01/04/19
0,10796,10720,10711.5,,01/03/19
0,10791,10440,10436.5,,01/02/19
0,10604.5,10600,10591.5,,12/31/18
0,10647,10670,10661.5,,12/28/18
0,10673,10649,10644,,12/27/18
0,10801,10810,10794,,12/24/18
0,10796,10790,10779,,12/21/18
0,10832,10885,10880,,12/20/18
0,10868,10768.5,10766.5,,12/19/18
0,10870.5,10870.5,10870.5,,12/18/18
0,10907.5,10934.5,10906.5,,12/17/18
0,11009.5,10739,10734,,12/14/18
0,10780.5,10800,10795,,12/13/18
0,10727,10720,10716.5,,12/12/18
0,10696.5,10764.5,10760,,12/11/18
0,10729.5,10760,10734,,12/10/18
0,10845.5,10820,10800,,12/07/18
0,10780.5,10855,10846,,12/06/18
0,11156,11021,11016.5,,12/05/18
0,11080.5,11265,11260,,12/04/18
0,11179.5,11210,11194,,12/03/18
0,11135.5,11019,11010,,11/30/18
0,10984,10890,10874,,11/29/18
0,10726.5,10735,10730,,11/28/18
0,10700,10709,10704,,11/27/18
0,10803.5,10770,10765,,11/26/18
0,10849,10710,10704,,11/23/18
0,10902.25,10971,10966.5,,11/22/18
0,10951.5,11084,11079,,11/21/18
0,11027,11190,11184,,11/20/18
0,11108,11200,11108,,11/19/18
0,11287,11286.85,11275,,11/16/18
0,11182.5,11339,11182,,11/15/18
0,11230,11229.5,11220,,11/14/18
0,11262.5,11369,11364,,11/13/18
0,11320,11290,11284,,11/12/18
0,11397,11475,11464,,11/09/18
0,11710,11670,11611.5,,11/08/18
0,11743.5,11669,11660,,11/07/18
0,11699.5,11820,11814,,11/06/18
0,11675.5,11679,11670,,11/05/18
0,11860.5,11971,11960,,11/02/18
0,11718.5,11555,11545,,11/01/18
0,11425.5,11626,11621.5,,10/31/18
0,11690,11700,11695,,10/30/18
0,11686,11740,11721.5,,10/29/18
0,11834,11845,11829,,10/26/18
0,12072,12134,12125,,10/25/18
0,12377,12377,12377,,10/24/18
0,12290.5,12350,12325,,10/23/18
0,12447.5,12455,12451.5,,10/22/18
0,12372,12469,12465,,10/19/18
0,12276,12139,12135,,10/18/18
0,12298.5,12478.5,12430,,10/17/18
0,12516.5,12441,12430,,10/16/18
0,12534.5,12650,12534,,10/15/18
0,12579,12709,12705,,10/12/18
0,12601.5,12419,12410,,10/11/18
0,12604,12825,12754,,10/10/18
0,12395,12395,12395,,10/09/18
0,12495.5,12400,12385,,10/08/18
0,12539,12400,12394,,10/05/18
0,12402.5,12770,12764,,10/04/18
0,12677,12676.5,12390,,10/03/18
0,12421,12420,12414,,10/02/18
0,12406,12325,12320,,10/01/18
0,12507,12506,12474,,09/28/18
0,12474,12621,12615,,09/27/18
0,12731.5,12894,12890,,09/26/18
0,12860.5,12845,12840,,09/25/18
0,12864,12979,12974,,09/24/18
0,13166.5,12955,12950,,09/21/18
0,12541,12530,12500,,09/20/18
0,12420,12470,12419.5,,09/19/18
0,12312.5,12320,12310,,09/18/18
0,12158,12250,12159,,09/17/18
0,12573.5,12514,12505,,09/14/18
0,12527,12614,12610,,09/13/18
0,12543,12291,12280,,09/12/18
0,12142.5,12260,12251.5,,09/11/18
0,12324,12204.5,12200,,09/10/18
0,12271,12291,12286.5,,09/07/18
0,12356,12490,12486.5,,09/06/18
0,12357.5,12415,12411.5,,09/05/18
0,12380,12463.5,12461.5,,09/04/18
0,12697.5,12790,12665,,09/03/18
0,12708,13001,12707,,08/31/18
0,13200,13300,13280,,08/30/18
0,13415,13415,13411.5,,08/29/18
0,13338,13405,13300,,08/24/18
0,13197.5,13235,13130,,08/23/18
0,13442.5,13569,13441.5,,08/22/18
0,13474.5,13680,13473.5,,08/21/18
0,13476,13560,13475,,08/20/18
0,13390,13240,13234,,08/17/18
0,13230,13229,13110,,08/16/18
0,12753.5,12985,12752.5,,08/15/18
0,13328,13345,13340,,08/14/18
0,13455,13680,13670,,08/13/18
0,13736.5,13640,13631.5,,08/10/18
0,13804,14059,14049,,08/09/18
0,13967.5,13920,13899,,08/08/18
0,13763,13750,13747.5,,08/07/18
0,13594,13225,13200,,08/06/18
0,13456,13130,13124,,08/03/18
0,13237.25,13230,13221.5,,08/02/18
0,13492.5,13780,13776.5,,08/01/18
0,13939,13770,13759,,07/31/18
0,13766.5,13765.5,13680,,07/30/18
0,13770,13720,13714,,07/27/18
0,13677,13574.5,13570,,07/26/18
0,13577,13535,13530,,07/25/18
0,13499,13435,13432.5,,07/24/18
0,13301,13439,13435,,07/23/18
0,13437,13425,13421.5,,07/20/18
0,13249,13220,13209,,07/19/18
0,13519,13314,13305,,07/18/18
0,13393,13459,13454,,07/17/18
0,13571.5,13680,13571.5,,07/16/18
0,13881,13869,13865,,07/13/18
0,14099,14055,14051.5,,07/12/18
0,13785,13630,13624,,07/11/18
0,14057,13960,13955,,07/10/18
0,14118,13969.5,13965,,07/09/18
0,13970,13970,13970,,07/06/18
0,14103.5,14216,14103,,07/05/18
0,14054,14099,14090,,07/04/18
0,14353.5,14620,14609,,07/03/18
0,14605,14605,14605,,07/02/18
0,14823,14910,14905,,06/29/18
0,14708.5,14721,14714,,06/28/18
0,14804,14700,14398.5,,06/27/18
0,14704.5,14570,14560,,06/26/18
0,15255,15255,15255,,06/25/18
0,15180.5,15255,15250,,06/22/18
0,14905,14980,14975,,06/21/18
0,14893,14893.5,14800,,06/20/18
0,14590,14970,14590,,06/19/18
0,14891.5,14969,14950,,06/18/18
0,15107.5,15275,15262,,06/15/18
0,15210.5,15245,15242.5,,06/14/18
0,15549,15180,15174,,06/13/18
0,15135.5,15295,15290,,06/12/18
0,15222,15310,15305,,06/11/18
0,15355,15250,15236.5,,06/08/18
0,15635,15635,15635,,06/07/18
0,15569.75,15640,15634,,06/06/18
0,15687.5,15414,15410,,06/05/18
0,15423.5,15266,15264,,06/04/18
0,15380.5,15149,15135,,06/01/18
0,15157.5,15188.5,15175,,05/31/18
0,15066.5,14869,14864,,05/30/18
0,14724,14840,14830,,05/25/18
0,14843,14525,14521.5,,05/24/18
0,14592,14510,14504,,05/23/18
0,14722,14700,14690,,05/22/18
0,14607.5,14615,14610,,05/21/18
0,14688.5,14750,14740,,05/18/18
0,14529,14580,14574,,05/17/18
0,14403,14410,14404,,05/16/18
0,14354,14490,14353,,05/15/18
0,14431,14430.5,14310,,05/14/18
0,13995,13909,13900,,05/11/18
0,13819.5,13810,13790,,05/10/18
0,13863,13790,13780,,05/09/18
0,13974,13973,13831.5,,05/04/18
0,13725,13985,13982.5,,05/03/18
0,13935.5,13934.5,13910,,05/02/18
0,13596.75,13615,13605,,05/01/18
0,13593,13725,13721.5,,04/30/18
0,13945,13945,13945,,04/27/18
0,14181,13945,13940,,04/26/18
0,14085.5,14119,14100,,04/25/18
0,13923,14250,14246.5,,04/24/18
0,14207.5,14050,14036.5,,04/23/18
0,14775.5,14640,14630,,04/20/18
0,15020.5,15720,15704,,04/19/18
0,15224,15105,14950,,04/18/18
0,14174,13950,13947.5,,04/17/18
0,14307,14149,14140,,04/16/18
0,13897,14005,14000,,04/13/18
0,13671,13585.5,13581.5,,04/12/18
0,13820.5,13740,13734,,04/11/18
0,13651.5,13699,13695,,04/10/18
0,13390,13240,13234,,04/09/18
0,13220,12990,12880,,04/06/18
0,13272.5,13285,13280,,04/05/18
0,13099.5,13059,13050,,04/04/18
0,13522.75,0,0,,04/03/18
0,13230.5,13230.5,13230.5,,03/29/18
0,13081,12924,12920,,03/28/18
0,12948,13030,13025,,03/27/18
0,12903.5,12845,12841.5,,03/26/18
0,12902,13347,13040,,03/23/18
0,13146,13355,13350,,03/22/18
0,13425,13425,13425,,03/21/18
0,13430,13430,13430,,03/20/18
0,13429,13430,13425,,03/19/18
0,13569,13740,13734.5,,03/16/18
0,13576,13685,13682.5,,03/15/18
0,13779.5,13924,13919,,03/14/18
0,13828,13830,13827.5,,03/13/18
0,13814,13344,13339,,03/09/18
0,13213.5,13250,13240,,03/08/18
0,13534,13361,13359,,03/07/18
0,13625.5,13580,13559,,03/06/18
0,13379,13335,13332.5,,03/05/18
0,13403,13449,13444,,03/02/18
0,13412,13510,13489,,03/01/18
0,13743.5,13800,13796.5,,02/28/18
0,13797.5,13885,13798,,02/27/18
0,13879.5,13909,13899,,02/26/18
0,13723,13800,13724,,02/23/18
0,13787,13575,13549,,02/22/18
0,13797,13798,13586.5,,02/21/18
0,13559,13650,13624,,02/20/18
0,13543,13605,13597.5,,02/19/18
0,13870.5,14040,14024,,02/16/18
0,14107,14150,14140,,02/15/18
0,14056,13630,13624,,02/14/18
0,13408,13214,13209,,02/13/18
0,13060,13060.5,12960,,02/12/18
0,12932.5,12970,12959,,02/09/18
0,13104.5,13104,13013.5,,02/08/18
0,13134,13490,13486.5,,02/07/18
0,13345,13370,13359,,02/06/18
0,13705,13540,13537,,02/05/18
0,13400,13794.5,13790,,02/02/18
0,13965.5,13545,13539,,02/01/18
0,13559.5,13560,13550,,01/31/18
0,13317,13650,13639,,01/30/18
0,13775.5,13886,13776.5,,01/29/18
0,13618.5,13749,13740,,01/26/18
0,13662.5,13695,13690,,01/25/18
0,12810,12740,12739,,01/23/18
0,12723.5,12720,12710,,01/22/18
0,12678.5,12595,12591.5,,01/19/18
0,12351.25,12415,12409,,01/17/18
0,12482,12420,12286,,01/16/18
0,12807,12835,12830,,01/15/18
0,12573,12835,12830,,01/11/18
0,12642,12514,12505,,01/09/18
0,12486.5,12450,12444,,01/08/18
0,12487.75,12500,12479,,01/05/18
0,12602.5,12615,12605,,01/04/18
0,12561.5,12690,12684,,01/02/18
0,12705.5,12705,12254,,12/29/17
0,12295,12100,12091.5,,12/28/17
0,12048.5,12048,11834,,12/27/17
0,12072.5,12050,12045,,12/22/17
0,12011,12000,11996.5,,12/21/17
0,11976,11914,11910,,12/20/17
0,11778,11530,11520,,12/18/17
0,11099.5,11140,11098.5,,12/14/17
0,11039,11085,11038.5,,12/13/17
0,11009,11070,10860,,12/12/17
0,10890.5,10990,10985,,12/08/17
0,10986.5,10795,10790,,12/07/17
0,10749,10830,10824,,12/06/17
0,10801,11074.5,11071.5,,12/05/17
0,11320.5,11336,11326.5,,12/04/17
0,11229.5,11051,11045,,12/01/17
0,11050,11295,11289,,11/30/17
0,11290,11400,11289,,11/28/17
0,11513,11599,11512.5,,11/27/17
0,11979,12015,12010,,11/24/17
0,11872.5,11626,11622.5,,11/23/17
0,11810.5,11605,11601.5,,11/21/17
0,11601,11510,11504,,11/20/17
0,11518.5,11470,11465,,11/17/17
0,11294,11570,11567.5,,11/16/17
0,11633.5,11585,11576.5,,11/15/17
0,11719,12260,12251.5,,11/14/17
0,12055.5,12285,12281.5,,11/10/17
0,12247,12250,12227.5,,11/09/17
0,12650.5,12649.5,12560,,11/08/17
0,12599,12805,12799,,11/07/17
0,12870,12830,12824,,11/06/17
0,12682,12560,12557.5,,11/03/17
0,11546,11370,11360,,10/27/17
0,11716,11845,11835,,10/26/17
0,11821,11860,11820,,10/25/17
0,11940,11950,11945,,10/24/17
0,11665,11665,11665,,10/23/17
0,11670.5,12050,12045,,10/20/17
0,11675.5,11679.5,11675,,10/19/17
0,11586,11745,11741.5,,10/18/17
0,11702.5,11701.5,11669,,10/17/17
0,11805.5,11790,11780,,10/16/17
0,11610.5,11610,11600,,10/13/17
0,11338,11195,11191.5,,10/12/17
0,11061,10980,10960,,10/11/17
0,10868,10868,10868,,10/10/17
0,10929.5,10769,10669,,10/09/17
0,10515,10500,10486.5,,10/06/17
0,10448,10560,10549,,10/05/17
0,10522,10640,10634,,10/04/17
0,10532.5,10555,10551.5,,10/03/17
0,10304.5,10375,10360,,10/02/17
0,10415.5,10585,10415.5,,09/29/17
0,10358,10175,10170,,09/28/17
0,10157,10529,10510,,09/27/17
0,10395,10395,10395,,09/26/17
0,10491,10395,10390,,09/25/17
0,10342,10580,10575,,09/22/17
0,10930.5,10860,10854,,09/21/17
0,10950,10950,10950,,09/20/17
0,11069.5,10949,10945,,09/19/17
0,11164,11090,11005,,09/18/17
0,11265,11265,11265,,09/15/17
0,11485,11485,11485,,09/14/17
0,11270,11485,11269,,09/13/17
0,11904.5,11540,11531.5,,09/12/17
0,11692.5,11550,11536.5,,09/11/17
0,11524,11850,11840,,09/08/17
0,12086.25,12035,12030,,09/07/17
0,12102,11919,11915,,09/06/17
0,12020,12146,12144,,09/05/17
0,12193.5,12120,12115,,09/04/17
0,11972.75,12004,11973.75,,09/01/17
0,11740,11741,11616.5,,08/31/17
0,11520,11556,11552.5,,08/30/17
0,11647,11735,11732.5,,08/29/17
0,11426,11610,11604,,08/25/17
0,11689,11639,11634,,08/24/17
0,11606.5,11440,11429,,08/23/17
0,11250,11250,11250,,08/22/17
0,11263.5,11262.5,11199,,08/21/17
0,10928.5,10730,10711.5,,08/18/17
0,10670.5,10710,10699,,08/17/17
0,10706.5,10705.5,10549,,08/16/17
0,10298.5,10369,10355,,08/15/17
0,10407,10510,10408,,08/14/17
0,10615.5,10590,10585,,08/11/17
0,10710,10710,10710,,08/10/17
0,10717.5,10709,10705,,08/09/17
0,10591.5,10280,10276.5,,08/08/17
0,10360.5,10309,10304,,08/07/17
0,10209.5,10335,10331.5,,08/04/17
0,10335,10255,10250,,08/03/17
0,10304.5,10205,10200,,08/02/17
0,10241,10156,10150,,08/01/17
0,10168.5,10235,10230,,07/31/17
0,10155.5,10185,10175,,07/28/17
0,10087.5,10104,10090,,07/27/17
0,9994.5,9915,9910,,07/26/17
0,9955,9885,9881.5,,07/25/17
0,9726,9560,9554,,07/24/17
0,9469,9559,9468.5,,07/21/17
0,9445,9540,9534,,07/20/17
0,9601.5,9720,9715,,07/19/17
0,9733,9595,9570,,07/18/17
0,9560,9560,9560,,07/17/17
0,9529.5,9380,9375,,07/14/17
0,9166.5,9190,9182,,07/13/17
0,9159.5,9225,9200,,07/12/17
0,8885,8885,8885,,07/11/17
0,8961.5,8961,8882.5,,07/10/17
0,8879.75,8950,8944,,07/07/17
0,9037,9089,9036.5,,07/06/17
0,9121.5,9066,9061.5,,07/05/17
0,9141,9320,9120,,07/04/17
0,9346,9370,9360,,07/03/17
0,9347,9279,9265,,06/30/17
0,9251.5,9280,9271.5,,06/29/17
0,9225.5,9131,9115,,06/28/17
0,9212.5,9061,9054,,06/27/17
0,8973.5,9040,9034,,06/26/17
0,9031,9170,9070,,06/23/17
0,8967.5,8910,8904,,06/22/17
0,8952.5,8889,8880,,06/21/17
0,8768.5,8980,8896.5,,06/20/17
0,8952.5,8900,8890,,06/19/17
0,8882.75,8905,8900,,06/16/17
0,8790,8830,8827.5,,06/15/17
0,8883,8816,8810,,06/14/17
0,8738.5,8719,8715,,06/13/17
0,8735.5,8940,8934,,06/12/17
0,8924,8805,8800,,06/09/17
0,8758.5,8800,8757.5,,06/08/17
0,8800,8800,8800,,06/07/17
0,8820,8820,8820,,06/06/17
0,8866.75,8820,8815,,06/05/17
0,8874.25,8725,8710,,06/02/17
0,8793,8830,8824,,06/01/17
0,8922,8810,8806.5,,05/31/17
0,9072,9064,9019,,05/30/17
0,9040,9005,9000,,05/26/17
0,9000.5,9075,9061.5,,05/25/17
0,9057.5,9130,9056.5,,05/24/17
0,9301.5,9295,9287.5,,05/23/17
0,9351.5,9371,9365,,05/22/17
0,9325,9180,9175,,05/19/17
0,9136.5,9005,9000,,05/18/17
0,9166,9165,9159,,05/17/17
0,9064.5,9311,9010,,05/16/17
0,9177,9310,9176,,05/15/17
0,9276,9325,9320,,05/12/17
0,9291,9370,9307,,05/11/17
0,9078.5,9194,9190,,05/10/17
0,9173.5,9190,9185,,05/09/17
0,9107.5,9070,9033,,05/08/17
0,9107.5,8936,8930,,05/05/17
0,8969.5,9006,9000,,05/04/17
0,9177,9280,9273.5,,05/03/17
0,9463,9490,9450,,05/02/17
0,9404,9490,9481.5,,04/28/17
0,9288,9190,9179,,04/27/17
0,9179.5,9255,9250,,04/26/17
0,9270.5,9235,9220,,04/25/17
0,9206.5,9270,9266.5,,04/24/17
0,9295,9495,9390,,04/21/17
0,9435,9379,9370,,04/20/17
0,9286.25,9455,9445,,04/19/17
0,9255.5,9544,9539,,04/18/17
0,9695.25,9695,9689,,04/13/17
0,9679.5,9710,9680,,04/12/17
0,9782.5,10050,10040,,04/11/17
0,9950,9950,9950,,04/10/17
0,10123,9950,9947.5,,04/07/17
0,10019,10320,10309,,04/06/17
0,10230.25,10169,10164,,04/05/17
0,9914.75,9864,9860,,04/04/17
0,9875,9875,9875,,04/03/17
0,9962.5,9877,9850,,03/31/17
0,10074,9940,9931.5,,03/30/17
0,9740,9740,9740,,03/29/17
0,9928,9927,9737.5,,03/28/17
0,9703,9709,9705,,03/27/17
0,9807.5,9919,9899,,03/24/17
0,9967.75,9966.75,9910,,03/23/17
0,9955.5,9950,9945,,03/22/17
0,10097,10105,10100,,03/21/17
0,10104.25,10060,10045,,03/20/17
0,10290,10290,10290,,03/17/17
0,10162,10290,10270,,03/16/17
0,10143.5,10185,10180,,03/15/17
0,10170.5,10090,10085,,03/14/17
0,10113.5,10145,10099,,03/13/17
0,9840,10030,10024,,03/10/17
0,10520,10520,10520,,03/09/17
0,10142,10519,10516.5,,03/08/17
0,10588.75,10920,10700,,03/07/17
0,11039.75,11038.75,10891.5,,03/06/17
0,10936,10891,10889,,03/03/17
0,10725.25,10900,10897.5,,03/02/17
0,10974.5,11000,10989,,03/01/17
0,10900,10900,10900,,02/28/17
0,10993,10991,10894,,02/27/17
0,10808.5,10680,10675,,02/24/17
0,10526,10635,10631.5,,02/23/17
0,10753.5,10752.5,10707.5,,02/22/17
0,11045,11045,11045,,02/21/17
0,11094.25,11045,11035,,02/20/17
0,10993.75,10900,10878.5,,02/17/17
0,11011.75,10875,10870,,02/16/17
0,10873.5,10715,10706.5,,02/15/17
0,10715,10825,10820,,02/14/17
0,10680,10675,10642,,02/13/17
0,10614.75,10450,10439,,02/10/17
0,10232.5,10381,10376.5,,02/09/17
0,10443,10439,10430,,02/08/17
0,10299.75,10389,10384,,02/07/17
0,10396.5,10339,10334,,02/06/17
0,10171,10160,10154,,02/03/17
0,10341,10360,10340,,02/02/17
0,10193.25,10025,10020,,02/01/17
0,9899.5,9984,9870,,01/31/17
0,9622.5,9495,9491.5,,01/30/17
0,9420.5,9381,9375,,01/27/17
0,9352.5,9565,9353.5,,01/26/17
0,9765,9765,9765,,01/25/17
0,9741,9765,9755,,01/24/17
0,9655,9770,9654,,01/23/17
0,9648.5,9735,9731.5,,01/20/17
0,9873.5,10050,10039,,01/19/17
0,10175,10175,10175,,01/18/17
0,10111.5,10175,10171.5,,01/17/17
0,10212,10235,10230,,01/16/17
0,10399.5,10115,10110,,01/13/17
0,10224.25,9975,9961.5,,01/12/17
0,10127,10450,10439,,01/11/17
0,10562,10440,10430,,01/10/17
0,10337.75,10244,10230,,01/09/17
0,10191.25,10185,10180.5,,01/06/17
0,10241,10230,10225,,01/05/17
0,10164.5,9975,9965,,01/04/17
0,9854.5,10204,9853.5,,01/03/17
0,9964,10010,10000,,12/30/16
0,10066.5,10035,10030,,12/29/16
0,10038.5,10140,10125,,12/28/16
0,10353.75,10570,10565,,12/23/16
0,10674.25,10585,10570,,12/22/16
0,10980,10980,10980,,12/21/16
0,10868,10980,10948,,12/20/16
0,11130,11130,11130,,12/19/16
0,11119.5,11129,11120,,12/16/16
0,11249.5,11260,11240,,12/15/16
0,11367.5,11370,11361.5,,12/14/16
0,11337,11410,11405,,12/13/16
0,11251.25,11310,11265,,12/12/16
0,11422,11330,11324,,12/09/16
0,11058,11369,11365,,12/08/16
0,11361.5,11561,11544,,12/07/16
0,11566,11520,11514,,12/06/16
0,11125,11125,11125,,12/05/16
0,11404.75,11130,11122.5,,12/02/16
0,11156.5,11210,11190,,12/01/16
0,11195.75,10965,10960,,11/30/16
0,11027.75,11300,11296.5,,11/29/16
0,11582.5,11702,11676.5,,11/28/16
0,11513.5,11468,11460,,11/25/16
0,11533,11570,11566.5,,11/24/16
0,11553.5,11225,11222,,11/23/16
0,11325.75,11380,11324.75,,11/22/16
0,11353.5,11155,11150,,11/21/16
0,10800.25,11080,11076.5,,11/18/16
0,11200,11239,11236.5,,11/17/16
0,11284,11210,11201,,11/16/16
0,11250,11155,11145,,11/15/16
0,11215,11150,11120,,11/14/16
0,11164.5,11735,11630,,11/11/16
0,11495,11709,11704,,11/10/16
0,11532.5,11450,11445,,11/09/16
0,11217.5,11145,11136.5,,11/08/16
0,11088,10930,10883.5,,11/07/16
0,10418.5,10384,10375,,11/04/16
0,10439.5,10440,10355,,11/03/16
0,10548,10548,10548,,11/02/16
0,10367,10456,10441.5,,11/01/16
0,10437,10549,10544,,10/31/16
0,10265,10265,10265,,10/28/16
0,10330,10265,10260,,10/27/16
0,10224,10149,10144.5,,10/26/16
0,10020,10020,10020,,10/25/16
0,9995,9995,9995,,10/24/16
0,9918,9995,9989,,10/21/16
0,10086.5,10165,10162.5,,10/20/16
0,10265.5,10280,10249,,10/19/16
0,10366.75,10365.75,10330,,10/18/16
0,10251,10410,10396.5,,10/17/16
0,10447,10446,10430,,10/14/16
0,10575,10575,10575,,10/13/16
0,10521,10575,10549,,10/12/16
0,10378.5,10415,10410,,10/11/16
0,10473.5,10310,10302.5,,10/10/16
0,10150.25,10260,10254,,10/07/16
0,10204.5,10204,10117.5,,10/06/16
0,10155,10155,10155,,10/05/16
0,10190,10460,10190,,10/04/16
0,10299.5,10457,10185,,10/03/16
0,10528,10459,10455,,09/30/16
0,10390.75,10531,10510,,09/29/16
0,10651,10614,10610,,09/28/16
0,10585,10860,10584,,09/27/16
0,10485,10450,10436,,09/26/16
0,10545,10545,10545,,09/23/16
0,10615.5,10550,10542.5,,09/22/16
0,10301,10330,10311.5,,09/21/16
0,9920,9920,9920,,09/20/16
0,10101.5,9921,9825,,09/19/16
0,9745,9745,9745,,09/16/16
0,9662.5,9745,9740,,09/15/16
0,9788,9770,9750,,09/14/16
0,9809.25,10020,10013.5,,09/13/16
0,10033.25,10025,10022,,09/12/16
0,10310,10310,10310,,09/09/16
0,10299.5,10310,10305,,09/08/16
0,10161.5,10140,10130,,09/07/16
0,10057.75,10060,10054,,09/06/16
0,10015,10050,9999,,09/05/16
0,10004,9880,9875,,09/02/16
0,9725,9725,9725,,09/01/16
0,9707.5,9724,9720,,08/31/16
0,9775.25,9719,9710,,08/30/16
0,9795,9795,9795,,08/26/16
0,9791.75,9795,9792.5,,08/25/16
0,9940.5,10220,10210,,08/24/16
0,10240,10240,10240,,08/23/16
0,10220,10220,10220,,08/22/16
0,10307,10251,10245,,08/19/16
0,10155,10155,10155,,08/18/16
0,10169.5,10155,10150,,08/17/16
0,10208.5,10330,10325,,08/16/16
0,10445,10445,10445,,08/15/16
0,10260.75,10445,10439,,08/12/16
0,10690.5,10700,10684,,08/11/16
0,10815,10911,10896.5,,08/10/16
0,10734.5,10730,10720,,08/09/16
0,10726.5,10789,10780,,08/08/16
0,10676,10579,10575,,08/05/16
0,10440,10440,10437.5,,08/04/16
0,10650,10692,10643,,08/03/16
0,10795,10795,10790,,08/02/16
0,10705,10710,10702.5,,08/01/16
0,10445,10630,10441.5,,07/29/16
0,10535,10535,10530,,07/28/16
0,10360,10359,10354.5,,07/27/16
0,10315,10320,10310,,07/26/16
0,10440,10440,10435,,07/25/16
0,10655,10660,10650,,07/22/16
0,10445,10445,10445,,07/21/16
0,10555,10555,10555,,07/20/16
0,10555,10554,10550,,07/19/16
0,10310,10310,10280,,07/18/16
0,10360,10360,10355,,07/15/16
0,10370,10370,10318.5,,07/14/16
0,10290,10290,10280,,07/13/16
0,10090,10090,10090,,07/12/16
0,10090,10089,10085,,07/11/16
0,9740,9739,9730,,07/08/16
0,9810,9810,9805,,07/07/16
0,9675,9675,9672.5,,07/06/16
0,10085,10084,10080,,07/05/16
0,10300,10300,10290,,07/04/16
0,9535,9925.5,9415,,07/01/16
0,9415,9420,9400,,06/30/16
0,9280,9280,9274,,06/29/16
0,9135,9135,9130,,06/28/16
0,8960,8959,8940,,06/27/16
0,8900,8905,8894,,06/24/16
0,9180,9180,9175,,06/23/16
0,9230,9230,9182.25,,06/22/16
0,9210,9210,9210,,06/21/16
0,9210,9209,9198,,06/20/16
0,9050,9050,9040,,06/17/16
0,9070,9070,9070,,06/16/16
0,9070,9070,9064,,06/15/16
0,8805,8905,8800,,06/14/16
0,8825,8825,8815,,06/13/16
0,8950,8950,8880.25,,06/10/16
0,8950,8950,8944,,06/09/16
0,8825,8825,8820,,06/08/16
0,8565,8565,8559,,06/07/16
0,8625,8625,8622.5,,06/06/16
0,8510,8509,8504,,06/03/16
0,8365,8380,8361.5,,06/02/16
0,8465,8465,8465,,06/01/16
0,8375,8375,8375,,05/31/16
0,8375,8400.5,8370,,05/27/16
0,8375,8374,8340,,05/26/16
0,8340,8340,8330,,05/25/16
0,8340,8340,8335,,05/24/16
0,8310,8310,8307.5,,05/23/16
0,8490,8490,8490,,05/20/16
0,8490,8585,8485,,05/19/16
0,8640,8640,8640,,05/18/16
0,8630,8630,8624,,05/17/16
0,8640,8640,8635,,05/16/16
0,8585,8597.5,8580,,05/13/16
0,8775,8775,8765,,05/12/16
0,8635,8635,8635,,05/11/16
0,8635,8635,8630,,05/10/16
0,8730,8730,8610,,05/09/16
0,8960,8959,8935,,05/06/16
0,9300,9300,8978,,05/05/16
0,9390,9389,9385,,05/04/16
0,9460,9460,9460,,05/03/16
0,9460,9460,9455,,04/29/16
0,9150,9150,9145,,04/28/16
0,9200,9199,9190,,04/27/16
0,9060,9060,9050,,04/26/16
0,9130,9130,9130,,04/25/16
0,9130,9130,9058,,04/22/16
0,9430,9431,9424,,04/21/16
0,9215,9215,9210,,04/20/16
0,8950,8950,8950,,04/19/16
0,8950,8955,8913,,04/18/16
0,8885,8885,8880,,04/15/16
0,8880,8880,8875,,04/14/16
0,8920,8919,8913.5,,04/13/16
0,8655,8660,8650.5,,04/12/16
0,8555,8555,8550,,04/11/16
0,8405,8485,8401.5,,04/08/16
0,8460,8460,8456.5,,04/07/16
0,8470,8865,8442.38,,04/06/16
0,8275,8275,8270.5,,04/05/16
0,8380,8380,8380,,04/04/16
0,8380,8380,8371,,04/01/16
0,8280,8281,8275.5,,03/31/16
0,8425,8426,8411.5,,03/30/16
0,8575,8570,8570,,03/29/16
0,8625,8625,8625,,03/24/16
0,8625,8625,8620,,03/23/16
0,8855,8855,8855,,03/22/16
0,8615,8615,8610,,03/21/16
0,8855,8855,8851.5,,03/18/16
0,8645,8650,8640,,03/17/16
0,8535,8535,8535,,03/16/16
0,8535,8540,8531.5,,03/15/16
0,8705,8704,8700,,03/14/16
0,8770,8790,8765,,03/11/16
0,8735,8780,8730,,03/10/16
0,8785,8785,8781.5,,03/09/16
0,9040,9050,9030,,03/08/16
0,9375,9375,9358,,03/07/16
0,9050,9049,9043,,03/04/16
0,8785,8971.75,8777.5,,03/03/16
0,8760,8759,8696.5,,03/02/16
0,8420,8420,8420,,03/01/16
0,8420,8420,8416.5,,02/29/16
0,8410,8411,8402.5,,02/26/16
0,8520,8520,8520,,02/25/16
0,8520,8526,8515,,02/24/16
0,8675,8700,8667.5,,02/23/16
0,8695,8695,8690,,02/22/16
0,8340,8341,8335,,02/19/16
0,8305,8305,8300,,02/18/16
0,8240,8250,8235,,02/17/16
0,8120,8120,8120,,02/16/16
0,8120,8120,8100,,02/15/16
0,7720,7788.5,7714,,02/12/16
0,8040,8040,8040,,02/11/16
0,8040,8040,8035,,02/10/16
0,8100,8099,8085,,02/09/16
0,8055,8057,8050,,02/08/16
0,8485,8485,8474,,02/05/16
0,8545,8545,8535,,02/04/16
0,8440,8440,8434,,02/03/16
0,8460,8460,8341,,02/02/16
0,8450,8450,8440,,02/01/16
0,8545,8550,8540,,01/29/16
0,8570,8570,8564,,01/28/16
0,8545,8545,8545,,01/27/16
0,8545,8545,8540,,01/26/16
0,8725,8725,8725,,01/25/16
0,8505,8505,8505,,01/22/16
0,8505,8710,8500,,01/21/16
0,8565,8565,8560,,01/20/16
0,8680,8680,8676.5,,01/19/16
0,8500,8506,8495.5,,01/18/16
0,8380,8380,8375,,01/15/16
0,8350,8350,8345,,01/14/16
0,8260,8260,8250,,01/13/16
0,8180,8180,8176.5,,01/12/16
0,8310,8310,8304,,01/11/16
0,8315,8315,8315,,01/08/16
0,8315,8320,8310,,01/07/16
0,8480,8480,8469,,01/06/16
0,8620,8621.2,8600,,01/05/16
0,8515,8515,8510,,01/04/16
0,8732,8732,8732,,12/31/15
0,8610,8625,8603.8,,12/30/15
0,8560,8560,8548,,12/29/15
0,8590,8589,8560,,12/24/15
0,8700,8700,8700,,12/23/15
0,8710,8710,8710,,12/22/15
0,8710,8847,8704,,12/21/15
0,8655,8655,8650,,12/18/15
0,8605,8611,8602.5,,12/17/15
0,8675,8765,8671.3,,12/16/15
0,8650,8649,8643.8,,12/15/15
0,8565,8566,8560,,12/14/15
0,8655,8655,8651.5,,12/11/15
0,8530,8530,8526.5,,12/10/15
0,8725,8800,8720,,12/09/15
0,8580,8579,8570,,12/08/15
0,9025,9025,9025,,12/07/15
0,9025,9025,9020,,12/04/15
0,8760,8760,8754,,12/03/15
0,8840,8840,8840,,12/02/15
0,8735,8735,8735,,12/01/15
0,8735,8751,8730,,11/30/15
0,8765,8766,8760,,11/27/15
0,9120,9164,9100,,11/26/15
0,8650,8874,8644,,11/25/15
0,8425,8734.5,8159,,11/24/15
0,8160,8161,8154,,11/23/15
0,8900,8901,8897.5,,11/20/15
0,8885,8890,8881.5,,11/19/15
0,8955,8960,8951.5,,11/18/15
0,9165,9165,9160,,11/17/15
0,9405,9405,9400,,11/16/15
0,9365,9365,9359,,11/13/15
0,9370,9376,9366.5,,11/12/15
0,9450,9451,9425,,11/11/15
0,9495,9495,9489,,11/10/15
0,9600,9596.2,9550,,11/09/15
0,9725,9725,9721.5,,11/06/15
0,9690,9690,9680,,11/05/15
0,9970,9988,9964,,11/04/15
0,9995,10000,9991.5,,11/03/15
0,10135,10135,10135,,11/02/15
0,10135,10135,10131.5,,10/30/15
0,10475,10476,10470,,10/29/15
0,10485,10485,10485,,10/28/15
0,10465,10465,10465,,10/27/15
0,10600,10600,10600,,10/26/15
0,10600,10600,10575,,10/23/15
0,10320,10320,10320,,10/22/15
0,10320,10320,10316.5,,10/21/15
0,10280,10290,10276.5,,10/20/15
0,10415,10415,10300,,10/19/15
0,10460,10461,10455,,10/16/15
0,10575,10576,10571.5,,10/15/15
0,10375,10390,10371.5,,10/14/15
0,10400,10406,10396.5,,10/13/15
0,10635,10635,10630,,10/12/15
0,10710,10710,10462.5,,10/09/15
0,10070,10137.5,10060,,10/08/15
0,10220,10220,10108,,10/07/15
0,9910,9910,9900,,10/06/15
0,9935,9935,9930,,10/05/15
0,9930,9930,9925,,10/02/15
0,10390,10410,10386.5,,10/01/15
0,10070,10070,10065,,09/30/15
0,9840,9840,9840,,09/29/15
0,9840,9851,9836.5,,09/28/15
0,9820,9819,9815,,09/25/15
0,9715,9715,9710,,09/24/15
0,9810,9810,9805,,09/23/15
0,9680,9680,9676.5,,09/22/15
0,9705,9828.5,9700,,09/21/15
0,9760,9761,9753,,09/18/15
0,9890,9890,9875,,09/17/15
0,10110,10111,10105.5,,09/16/15
0,9850,9850,9846.5,,09/15/15
0,10190,10190,10190,,09/14/15
0,10190,10323,10184,,09/11/15
0,10065,10065,10065,,09/10/15
0,10065,10064,10049,,09/09/15
0,9850,9886,9846.5,,09/08/15
0,9810,9821,9803,,09/07/15
0,9785,9785,9780,,09/04/15
0,10025,10050,10021.5,,09/03/15
0,9745,9760,9740,,09/02/15
0,9940,9950,9934,,09/01/15
0,9835,9834,9829,,08/28/15
0,9730,9730,9724,,08/27/15
0,9475,9480,9469,,08/26/15
0,9305,9305,9305,,08/25/15
0,10110,10110,10110,,08/24/15
0,10390,10390,10390,,08/21/15
0,10330,10359,10330,,08/20/15
0,10330,10393,10326.5,,08/19/15
0,10305,10311,10301.5,,08/18/15
0,10560,10608,10550,,08/17/15
0,10500,10573.1,10496.5,,08/14/15
0,10460,10460,10460,,08/13/15
0,10460,10460,10455,,08/12/15
0,10700,10701,10685,,08/11/15
0,10935,10938,10925,,08/10/15
0,10800,10800,10786.5,,08/07/15
0,10820,10821,10807,,08/06/15
0,10790,10801,10784,,08/05/15
0,10835,10859,10830,,08/04/15
0,10925,10925,10925,,08/03/15
0,10925,10925,10925,,07/31/15
0,10925,10925,10915,,07/30/15
0,11110,11111,11106.5,,07/29/15
0,11180,11190,11175,,07/28/15
0,10925,10981,10910,,07/27/15
0,11175,11175,11170,,07/24/15
0,11240,11255,11234,,07/23/15
0,11545,11550,11525,,07/22/15
0,11775,11775,11760,,07/21/15
0,11470,11469,11460,,07/20/15
0,11425,11425,11419,,07/17/15
0,11420,11420,11410,,07/16/15
0,11735,11735,11730,,07/15/15
0,11385,11385,11380,,07/14/15
0,11455,11713.5,11450,,07/13/15
0,11275,11275,11217.25,,07/10/15
0,11290,11429,11285.5,,07/09/15
0,10900,10912,10872,,07/08/15
0,11560,11560,11560,,07/07/15
0,11560,11560,11546.5,,07/06/15
0,12060,12060,12060,,07/03/15
0,12060,12060,12054,,07/02/15
0,11905,11925,11901.5,,07/01/15
0,11680,11680,11675,,06/30/15
0,11715,11715.5,11710,,06/29/15
0,12495,12495,12490,,06/26/15
0,12780,12780,12780,,06/25/15
0,12780,12780,12776.5,,06/24/15
0,12590,12590,12590,,06/23/15
0,12600,12600,12600,,06/22/15
0,12600,12600,12594,,06/19/15
0,12860,12859,12840,,06/18/15
0,12850,12849,12843,,06/17/15
0,12735,12735,12735,,06/16/15
0,12735,12737,12730,,06/15/15
0,13065,13065,13060,,06/12/15
0,13465,13465,13460,,06/11/15
0,13575,0,0,,06/10/15
0,13095,13095,12865,,06/09/15
0,12865,12865,12865,,06/08/15
0,12840,12840,12840,,06/05/15
0,12940,12940,12940,,06/04/15
0,12940,12940,12929,,06/03/15
0,12540,12540,12540,,06/02/15
0,12675,12675,12675,,06/01/15
0,12675,12680,12589,,05/29/15
0,12840,12840,12830,,05/28/15
0,12650,12650,12650,,05/27/15
0,12650,12651,12624.5,,05/26/15
0,13015,13015,13015,,05/22/15
0,13015,13015,12830,,05/21/15
0,12830,12830,12824,,05/20/15
0,13390,13390,13047,,05/19/15
0,13685,13802,13655.8,,05/18/15
0,13655,13671,13650,,05/15/15
0,13830,13880,13738,,05/14/15
0,14040,14040,14035.5,,05/13/15
0,14120,14120,14110,,05/12/15
0,14285,14290,14281.5,,05/11/15
0,13915,13915,13915,,05/08/15
0,14415,14415,14415,,05/07/15
0,14415,14415,14410,,05/06/15
0,13760,13760,13760,,05/05/15
0,13760,13760,13707.5,,05/01/15
0,13860,13860,13765,,04/30/15
0,13285,13301,13281.5,,04/29/15
0,13230,13230,13225,,04/28/15
0,12860,12860,12860,,04/27/15
0,12545,12545,12545,,04/24/15
0,12545,12544.5,12541.5,,04/23/15
0,12625,12770,12621.5,,04/22/15
0,12370,12370,12370,,04/21/15
0,12730,12730,12730,,04/20/15
0,12890,12890,12890,,04/17/15
0,12515,12515,12515,,04/16/15
0,12260,12260,12260,,04/15/15
0,12520,12520,12520,,04/14/15
0,12520,12530,12510,,04/13/15
0,12545,12545,12545,,04/10/15
0,12545,12545,12540,,04/09/15
0,12725,12760,12523.5,,04/08/15
0,12930,12930,12930,,04/07/15
0,12330,12330,12330,,04/02/15
0,12460,12460,12460,,04/01/15
0,13045,13045,13045,,03/31/15
0,13045,13045,13039,,03/30/15
0,13615,13615,13615,,03/27/15
0,13615,13614,13605,,03/26/15
0,13680,13690,13660,,03/25/15
0,14200,14200,14200,,03/24/15
0,14200,14199,14190,,03/23/15
0,13955,13954,13950,,03/20/15
0,13575,13575,13575,,03/19/15
0,13560,13560,13560,,03/18/15
0,13805,13805,13805,,03/17/15
0,13850,13850,13850,,03/16/15
0,13825,13825,13825,,03/13/15
0,13975,13975,13975,,03/12/15
0,14075,14075,14075,,03/11/15
0,14415,14415,14415,,03/10/15
0,14085,14085,14085,,03/09/15
0,14085,14174,14079,,03/06/15
0,14055,14055,14050,,03/05/15
0,13600,13600,13600,,03/04/15
0,13885,13885,13885,,03/03/15
0,14045,14045,14045,,03/02/15
0,14400,14400,14400,,02/27/15
0,14400,14408,14395,,02/26/15
0,14250,14250,14250,,02/25/15
0,13915,13915,13915,,02/24/15
0,13915,13917,13911.5,,02/23/15
0,13950,13950,13944,,02/20/15
0,14125,14125,14125,,02/19/15
0,14125,14125,14099,,02/18/15
0,14215,14221,14205,,02/17/15
0,14430,14441,14425,,02/16/15
0,14745,14744,14735,,02/13/15
0,14605,14630.6,14600,,02/12/15
0,14710,14720,14704,,02/11/15
0,15050,15050,15050,,02/10/15
0,14965,14965,14965,,02/09/15
0,14965,14970,14950,,02/06/15
0,14930,14930,14930,,02/05/15
0,15375,15375,15375,,02/04/15
0,15375,15375,15349,,02/03/15
0,15050,15273,15046.5,,02/02/15
0,14705,14705,14705,,01/30/15
0,14930,14930,14930,,01/29/15
0,14675,14675,14675,,01/28/15
0,14375,14375,14375,,01/27/15
0,14405,14405,14405,,01/26/15
0,14720,14720,14720,,01/23/15
0,14770,14770,14770,,01/22/15
0,14540,14540,14540,,01/21/15
0,14400,14400,14400,,01/20/15
0,14400,14425,14385.5,,01/19/15
0,14360,14360,14355,,01/16/15
0,14250,14250,14250,,01/15/15
0,14250,14250,14244,,01/14/15
0,14955,14955,14955,,01/13/15
0,14955,15028,14950,,01/12/15
0,15330,15330,15330,,01/09/15
0,15455,15455,15455,,01/08/15
0,15455,15455,15350,,01/07/15
0,15285,15285,15275,,01/06/15
0,14880,14880,14880,,01/05/15
0,14935,14935,14935,,01/02/15
0,14855,14855,14855,,12/31/14
0,15110,15110,15110,,12/30/14
0,15110,15110,15103,,12/29/14
0,15275,15274,15250,,12/24/14
0,15380,15625,15355,,12/23/14
0,15350,15350,15350,,12/22/14
0,15350,15450,15324,,12/19/14
0,15505,15505,15500.5,,12/18/14
0,15430,15430,15425.5,,12/17/14
0,16098,16660,16098,,12/16/14
0,16660,16740,16376,,12/15/14
0,16335,16336,16330,,12/12/14
0,16150,16150,16146.5,,12/11/14
0,16425,16424,16420,,12/10/14
0,16255,16301,16251.5,,12/09/14
0,16555,16575,16550.5,,12/08/14
0,16780,16780,16780,,12/05/14
0,16780,17056,16775,,12/04/14
0,16175,16175,16175,,12/03/14
0,16205,16205,16205,,12/02/14
0,16090,16090,16090,,12/01/14
0,16090,16224,16075,,11/28/14
0,16325,16324,16311.5,,11/27/14
0,16230,16294,16225,,11/26/14
0,16455,16469.5,16450,,11/25/14
0,16450,16450,16450,,11/24/14
0,16175,16175,16175,,11/21/14
0,15850,15850,15850,,11/20/14
0,15850,15850,15846.5,,11/19/14
0,15600,15600,15600,,11/18/14
0,15320,15320,15320,,11/17/14
0,15320,15320,15295,,11/14/14
0,15520,15530,15514,,11/13/14
0,15535,15545.5,15090,,11/12/14
0,15090,15091,15080,,11/11/14
0,15070,15075,15066.5,,11/10/14
0,15255,15255,15255,,11/07/14
0,15255,15254,15250,,11/06/14
0,14980,15011,14975,,11/05/14
0,15155,15216,15151.5,,11/04/14
0,15815,15815,15815,,11/03/14
0,15325,15325,15325,,10/31/14
0,15585,15585,15585,,10/30/14
0,15055,15055,15055,,10/29/14
0,14650,14650,14650,,10/28/14
0,14650,14701,14634,,10/27/14
0,14950,14950,14950,,10/24/14
0,14950,15000,14925,,10/23/14
0,15220,15219,15210,,10/22/14
0,15225,15225,15211.5,,10/21/14
0,15315,15650,15300,,10/20/14
0,15505,15505,15500,,10/17/14
0,15315,15315,15310,,10/16/14
0,16180,16180,16180,,10/15/14
0,16180,16200,16175,,10/14/14
0,16390,16475,16371,,10/13/14
0,16310,16310,16300,,10/10/14
0,16700,16700,16700,,10/09/14
0,16700,16700,16459,,10/08/14
0,16750,16877,16736.5,,10/07/14
0,16485,16627,16474,,10/06/14
0,16270,16269.5,16250,,10/03/14
0,16050,16049,16040,,10/02/14
0,15855,15901,15850,,10/01/14
0,16505,16550,16500,,09/30/14
0,16510,16510,16506.5,,09/29/14
0,17280,17300,17274,,09/26/14
0,17210,17210,17205,,09/25/14
0,17135,17135,17135,,09/24/14
0,17075,17075,17075,,09/23/14
0,17075,17075,17071.5,,09/22/14
0,17755,17755,17751.5,,09/19/14
0,17885,17887,17875,210.00,09/18/14
0,17920,17925,17916.5,167.00,09/17/14
0,18255,18255,18255,1,302.00,09/16/14
0,18255,18255,17963,1,290.00,09/15/14
0,18460,18460,18460,800.00,09/12/14
0,18460,18460,18455,788.00,09/11/14
0,18550,18575,18546.5,277.00,09/10/14
0,19360,19360,19350,514.00,09/09/14
0,19740,19824,19700,474.00,09/08/14
0,19385,19390,19381.5,241.00,09/05/14
0,18820,18820,18820,1,005.00,09/04/14
0,18820,18825,18775,951.00,09/03/14
0,18555,18555,18472,1,291.00,09/02/14
0,18660,18675,18650,990.00,09/01/14
0,18455,18460,18451.5,1,186.00,08/29/14
0,18650,18650,18640,835.00,08/28/14
0,18635,18635,18625,885.00,08/27/14
0,18625,18625,18625,799.00,08/26/14
0,18625,18625,18620,774.00,08/22/14
0,18780,18780,18780,1,057.00,08/21/14
0,18780,18780,18770,889.00,08/20/14
0,18550,18550,18546.5,144.00,08/19/14
0,18420,18425,18372,1,444.00,08/18/14
0,18535,18535,18535,358.00,08/15/14
0,18535,18595.5,18525,354.00,08/14/14
0,18580,18590,18574,2,233.00,08/13/14
0,18495,18495,18495,966.00,08/12/14
0,18495,18620,18490,946.00,08/11/14
0,18620,18620,18600,171.00,08/08/14
0,18275,18795,18275,1,443.00,08/07/14
0,18275,18275,18270,1,337.00,08/06/14
0,18490,18495,18475,171.00,08/05/14
0,18375,18411,18355,787.00,08/04/14
0,18280,18280,18276.5,222.00,08/01/14
0,18680,18680,18680,1,443.00,07/31/14
0,18525,18525,18525,1,444.00,07/30/14
0,18525,18583,18521.5,1,347.00,07/29/14
0,18800,18801,18778.5,201.00,07/28/14
0,19160,19160,19150,838.00,07/25/14
0,19080,19100,19075,471.00,07/24/14
0,18960,18960,18955,453.00,07/23/14
0,18925,19000,18921.5,662.00,07/22/14
0,18505,18505,18505,431.00,07/21/14
0,19080,19080,19080,169.00,07/18/14
0,19080,19080,19076.5,100.00,07/17/14
0,19260,19260,19260,478.00,07/16/14
0,19260,19260,19225,342.00,07/15/14
0,19210,19226,19200,17,243.00,07/14/14
0,19065,19070,19060,928.00,07/11/14
0,18975,19277,18950,2,108.00,07/10/14
0,19515,19515,19505,1,548.00,07/09/14
0,19440,19545,19436.5,1,466.00,07/08/14
0,19180,19180,19176.5,349.00,07/07/14
0,19385,19406,19350,961.00,07/04/14
0,19795,19800,19775,1,290.00,07/03/14
0,19080,19101,19069,776.00,07/02/14
0,18850,18850,18846.5,284.00,07/01/14
0,18715,18715,18709,561.00,06/30/14
0,18765,18765,18756,263.00,06/27/14
0,18625,18625,18611.5,508.00,06/26/14
0,18280,18280,18274,580.00,06/25/14
0,18420,18420,18420,500.00,06/24/14
0,18420,18425,18416.5,444.00,06/23/14
0,18350,18351,18336.5,203.00,06/20/14
0,18460,18460,18456.5,804.00,06/19/14
0,18660,18675,18655,2,699.00,06/18/14
0,18315,18315,18315,23,991.00,06/17/14
0,18315,18341,18280,23,591.00,06/16/14
0,17950,17951,17936.5,526.00,06/13/14
0,18030,18029,18025,597.00,06/12/14
0,18350,18326,18250,544.00,06/11/14
0,18455,18456,18450,537.00,06/10/14
0,18760,18760,18750,424.00,06/09/14
0,18465,18809,18460,511.00,06/06/14
0,19005,19026,19001.5,534.00,06/05/14
0,18950,18950,18940,2,013.00,06/04/14
0,19005,19403,19001.5,488.00,06/03/14
0,19310,19310,19310,1,403.00,06/02/14
0,19310,19310,19280,527.00,05/30/14
0,18750,18785,18744,659.00,05/29/14
0,19515,19520,19500,530.00,05/28/14
0,19650,19675,19636.5,436.00,05/27/14
0,19620,19625,19616.5,1,129.00,05/23/14
0,19405,19405,19405,2,838.00,05/22/14
0,19680,19680,19680,892.00,05/21/14
0,19785,19785,19785,16,857.00,05/20/14
0,19785,19786.5,19780,20,517.00,05/19/14
0,19155,19155,19145,283.00,05/16/14
0,18750,20650,18238,4,030.00,05/15/14
0,21200,21200,21200,963.00,05/14/14
0,21200,21200,21100,866.00,05/13/14
0,20850,20850,20750,615.00,05/12/14
0,19390,19390,19390,413.00,05/09/14
0,19390,19390,19380,291.00,05/08/14
0,18580,18580,18574,1,649.00,05/07/14
0,18200,18200,18200,411.00,05/06/14
0,18149,18175,18149,1,575.00,05/02/14
0,18070,18080,18064,1,571.00,05/01/14
0,18200,18230,18186.5,859.00,04/30/14
0,18550,18550,18550,1,607.00,04/29/14
0,18550,18550,18545,1,582.00,04/28/14
0,18465,18465,18445,3,074.00,04/25/14
0,18430,18430,18410,731.00,04/24/14
0,18120,18135,18116.5,391.00,04/23/14
0,17985,17985,17985,808.00,04/22/14
0,17880,17880,17880,1,910.00,04/17/14
0,17280,17280,17280,991.00,04/16/14
0,17280,17300,17270,920.00,04/15/14
0,17395,17395,17395,767.00,04/14/14
0,17050,17050,17050,758.00,04/11/14
0,17050,17101,17036.5,694.00,04/10/14
0,16410,16410,16410,549.00,04/09/14
0,16410,16410,16399,226.00,04/08/14
0,16470,16470,16449,1,062.00,04/07/14
0,16515,16515,16511.5,469.00,04/04/14
0,16145,16145,16140,564.00,04/03/14
0,16130,16129,16124,495.00,04/02/14
0,15780,15781,15776.5,278.00,04/01/14
0,15735,15735,15730,440.00,03/31/14
0,15770,15790,15766.5,501.00,03/28/14
0,15670,15670,15665,439.00,03/27/14
0,16225,16225,16225,716.00,03/26/14
0,16225,16224,16219,629.00,03/25/14
0,16135,16135,16077,541.00,03/24/14
0,15990,16068.5,15950,2,049.00,03/21/14
0,15910,15909.5,15905,719.00,03/20/14
0,16115,16115,16080,1,631.00,03/19/14
0,16075,16074,16070,1,909.00,03/18/14
0,15865,15870,15825,1,393.00,03/17/14
0,15805,15830,15702,1,080.00,03/14/14
0,15730,15755,15720,402.00,03/13/14
0,15670,15700,15613.5,932.00,03/12/14
0,15635,15640,15630,2,037.00,03/11/14
0,15135,15160,15131.5,2,477.00,03/10/14
0,15330,15330,15320,1,496.00,03/07/14
0,15455,15455,15440.5,1,257.00,03/06/14
0,15305,15310,15299,1,943.00,03/05/14
0,14830,14831,14825,724.00,03/04/14
0,14510,14510,14500,2,911.00,03/03/14
0,14550,14656,14544,340.00,02/28/14
0,14185,14185,14175,595.00,02/27/14
0,14285,14285,14281.5,532.00,02/26/14
0,14235,14235,14199,1,005.00,02/25/14
0,14160,14293.5,14156.5,988.00,02/24/14
0,14410,14410,14407.5,1,581.00,02/21/14
0,14265,14265,14260,436.00,02/20/14
0,14475,14500,14470,937.00,02/19/14
0,14405,14404,14402.5,249.00,02/18/14
0,14340,14340,14337.5,1,601.00,02/17/14
0,14235,14235,14230,1,582.00,02/14/14
0,14235,14250,14233.5,369.00,02/13/14
0,14270,14290,14265,672.00,02/12/14
0,14120,14120,14115,1,076.00,02/11/14
0,14435,14435,14435,1,002.00,01/21/14
0,14595,14594,14560,1,309.00,01/17/14
0,13980,13980,13980,2,356.00,01/14/14
0,13680,13680,13680,820.00,01/13/14
0,13445,13445,13445,967.00,01/09/14
0,14015,14015,14015,1,932.00,12/31/13
0,14035,14035,14035,990.00,12/19/13
0,13920,13920,13920,1,165.00,12/18/13
0,14060,14060,14060,1,095.00,12/17/13
0,14005,14005,14005,921.00,12/13/13
0,14005,14005,14005,797.00,12/11/13
0,13785,13785,13785,910.00,12/06/13
0,13350,13350,13350,1,235.00,12/04/13
0,13390,13390,13390,1,110.00,12/03/13
0,13415,13415,13415,1,355.00,12/02/13
0,13270,13270,13270,661.00,11/29/13
0,13270,13269,13264,465.00,11/28/13
0,13405,13465,13215,1,412.00,11/27/13
0,13480,13480,13480,445.00,11/26/13
0,13440,13440,13440,805.00,11/25/13
0,13493.06,0,0,,11/22/13
0,13361.05,0,0,,11/21/13
0,13462.42,0,0,,11/20/13
0,13559.81,0,0,,11/19/13
0,13518.82,0,0,,11/18/13
0,13759,0,0,,11/15/13
0,13579.25,0,0,,11/14/13
0,13604.9,0,0,,11/13/13
0,13558.83,0,0,,11/12/13
0,13684.86,0,0,,11/11/13
0,13852.88,0,0,,11/08/13
0,13950,13995,13940,192.00,11/07/13
0,14047,14293.5,14293.5,15.00,11/06/13
0,14278.77,0,0,,11/05/13
0,14306.64,0,0,,11/04/13
0,14515.5,0,0,,11/01/13
0,14557.5,0,0,,10/31/13
0,14690.74,14565,14565,5.00,10/30/13
0,14542.45,0,0,,10/29/13
0,14528.43,14460,14460,13.00,10/28/13
0,14525.36,14447.5,14440,3.00,10/25/13
0,14598.35,0,0,,10/24/13
0,14511,0,0,,10/23/13
0,14807,14386,14386,1,266.00,10/22/13
0,14309.5,0,0,,10/21/13
0,14147.15,0,0,,10/18/13
0,13947.47,13968,13968,6.00,10/17/13
0,14065.27,0,0,,10/16/13
0,13943.35,0,0,,10/15/13
0,13939.57,13908,13908,9.00,10/14/13
0,13852.5,0,0,,10/11/13
0,13720,13760,13678,555.00,10/10/13
0,13589.5,0,0,,10/09/13
0,13828.5,13835.5,13835.5,21.00,10/08/13
0,13882,0,0,,10/07/13
0,13974,0,0,,10/04/13
0,13449.94,0,0,,10/03/13
0,13676.75,0,0,,10/02/13
0,13675.85,0,0,,10/01/13
0,13885.75,0,0,,09/30/13
0,13917.73,0,0,,09/27/13
0,13755.75,0,0,,09/26/13
0,13757.71,0,0,,09/25/13
0,13678.75,0,0,,09/24/13
0,13879.81,0,0,,09/23/13
0,13967.32,0,0,,09/20/13
0,14333.33,0,0,,09/19/13
0,13861.54,0,0,,09/18/13
0,13757.87,0,0,,09/17/13
0,13798.86,0,0,,09/16/13
0,13810.5,13605.5,13605.5,25.00,09/13/13
0,13714.13,0,0,,09/12/13
0,13753.1,0,0,,09/11/13
0,13665.67,0,0,,09/10/13
0,13847.71,0,0,,09/09/13
0,13909.75,13900.5,13900.5,13.00,09/06/13
0,13653.28,0,0,,09/05/13
0,13606,0,0,,09/04/13
0,13622.85,0,0,,09/03/13
0,13674.86,0,0,,09/02/13
0,13725.87,13755.5,13753.5,11.00,08/30/13
0,14070,14070,14067.5,236.00,08/29/13
0,14107.37,0,0,,08/28/13
0,14352.75,0,0,,08/27/13
0,14345,14351,14330,,08/23/13
0,14359.3,0,0,,08/22/13
0,14353.23,0,0,,08/21/13
0,14685.81,0,0,,08/20/13
0,14736.32,0,0,,08/19/13
0,14929.5,0,0,,08/16/13
0,14654.5,0,0,,08/15/13
0,14825.8,0,0,,08/14/13
0,14669.08,14824.5,14824.5,,08/13/13
0,14655.07,0,0,,08/12/13
0,14610.63,0,0,,08/09/13
0,14259.67,0,0,,08/08/13
0,13904.5,0,0,,08/07/13
0,13658.69,0,0,,08/06/13
0,13797.29,0,0,,08/05/13
0,13930.33,0,0,,08/02/13
0,13823.34,0,0,,08/01/13
0,13804.53,0,0,,07/31/13
0,13449.85,0,0,,07/30/13
0,13629.86,0,0,,07/29/13
0,13780.36,0,0,,07/26/13
0,14099.87,0,0,,07/25/13
0,14302.42,0,0,,07/24/13
0,14061.81,0,0,,07/23/13
0,14001.82,0,0,,07/22/13
0,14094.83,0,0,,07/19/13
0,13930.83,0,0,,07/18/13
0,13901.45,0,0,,07/17/13
0,13699.82,0,0,,07/16/13
0,13433.83,0,0,,07/15/13
0,13705,0,0,,07/12/13
0,13563.25,0,0,,07/11/13
0,13579.4,0,0,,07/10/13
0,13252.67,0,0,,07/09/13
0,13356.71,0,0,,07/08/13
0,13233,0,0,,07/05/13
0,13753.5,0,0,,07/04/13
0,13783,0,0,,07/03/13
0,13980,13915,13897.07,,07/02/13
0,13897.07,0,0,,07/01/13
0,13644.3,0,0,,06/28/13
0,13783.31,0,0,,06/27/13
0,13533.87,0,0,,06/26/13
0,13861.75,0,0,,06/25/13
0,13562.81,0,0,,06/24/13
0,14006.32,0,0,,06/21/13
0,13628.83,0,0,,06/20/13
0,14128.42,0,0,,06/19/13
0,14077.3,0,0,,06/18/13
0,14217.3,0,0,,06/17/13
0,14254.5,14227.5,14227.5,,06/14/13
0,13988,0,0,,06/13/13
0,14201.1,0,0,,06/12/13
0,14460.17,0,0,,06/11/13
0,14821,0,0,,06/10/13
0,14979,0,0,,06/07/13
0,15008.56,0,0,,06/06/13
0,15137.63,0,0,,06/05/13
0,15226.42,0,0,,06/04/13
0,15110.93,0,0,,06/03/13
0,14752.93,0,0,,05/31/13
0,14728.31,0,0,,05/30/13
0,14744,0,0,,05/29/13
0,14802.8,0,0,,05/28/13
0,14755,14755,14735,,05/24/13
0,14874.14,0,0,,05/23/13
0,15110,0,0,,05/22/13
0,15004.58,0,0,,05/21/13
0,15043,0,0,,05/20/13
0,14753,0,0,,05/17/13
0,14827.8,0,0,,05/16/13
0,14832,0,0,,05/15/13
0,15034.88,0,0,,05/14/13
0,15209.4,0,0,,05/13/13
0,15291.5,15325.5,15325.5,,05/10/13
0,15215.75,0,0,,05/09/13
0,15336.4,0,0,,05/08/13
0,15125.25,0,0,,05/07/13
0,14910,14909,14816,,05/03/13
0,14609.75,0,0,,05/02/13
0,14755.17,0,0,,05/01/13
0,15319.35,0,0,,04/30/13
0,15431.86,0,0,,04/29/13
0,15133.87,0,0,,04/26/13
0,15344.81,15135.5,15135.5,,04/25/13
0,15201.37,0,0,,04/24/13
0,15058.3,0,0,,04/23/13
0,15227.81,0,0,,04/22/13
0,15099.82,0,0,,04/19/13
0,15482.28,0,0,,04/18/13
0,15356.31,0,0,,04/17/13
0,15633.78,0,0,,04/16/13
0,15625.79,0,0,,04/15/13
0,15784,0,0,,04/12/13
0,16201,0,0,,04/11/13
0,15982,0,0,,04/10/13
0,16133.5,0,0,,04/09/13
0,15977.5,0,0,,04/08/13
0,15877.5,0,0,,04/05/13
0,16026.39,0,0,,04/04/13
0,16035.63,0,0,,04/03/13
0,16307.92,0,0,,04/02/13
0,16540,16635,16535,,03/28/13
0,16783.47,0,0,,03/27/13
0,16713.75,0,0,,03/26/13
0,16903.6,0,0,,03/25/13
0,17085,0,0,,03/22/13
0,16828.5,0,0,,03/21/13
0,16752,0,0,,03/20/13
0,16467.85,0,0,,03/19/13
0,16535.86,0,0,,03/18/13
0,16835,17134,17104.5,,03/15/13
0,17158.5,0,0,,03/14/13
0,16882,0,0,,03/13/13
0,16966.5,0,0,,03/12/13
0,16831.43,0,0,,03/11/13
0,16672.5,0,0,,03/08/13
0,16586.56,0,0,,03/07/13
0,16464.75,0,0,,03/06/13
0,16643.75,0,0,,03/05/13
0,16412.57,0,0,,03/04/13
0,16543.53,0,0,,03/01/13
0,16539.56,0,0,,02/28/13
0,16663.74,0,0,,02/27/13
0,16583.75,0,0,,02/26/13
0,16644.57,0,0,,02/25/13
0,16916.11,0,0,,02/22/13
0,16571.61,16791,16791,,02/21/13
0,17106.08,0,0,,02/20/13
0,17322.74,0,0,,02/19/13
0,17789.75,0,0,,02/18/13
0,18313.5,18243.5,18243.5,,02/15/13
0,18290,18310,18285,,02/14/13
0,18309,0,0,,02/13/13
0,18298,0,0,,02/12/13
0,18096,0,0,,02/11/13
0,18252,0,0,,02/08/13
0,18107.44,0,0,,02/07/13
0,18260.75,0,0,,02/06/13
0,18636.92,0,0,,02/05/13
0,18662.93,0,0,,02/04/13
0,18564.93,0,0,,02/01/13
0,18268.88,0,0,,01/31/13
0,18311.68,0,0,,01/30/13
0,17794.38,0,0,,01/29/13
0,17568.76,0,0,,01/28/13
0,17323.77,0,0,,01/25/13
0,17331.78,0,0,,01/24/13
0,17485.57,0,0,,01/23/13
0,17314,0,0,,01/22/13
0,17339.75,0,0,,01/21/13
0,17493,0,0,,01/18/13
0,17385,17385,17375,,01/17/13
0,17340.06,0,0,,01/16/13
0,17438,0,0,,01/15/13
0,17191.5,0,0,,01/14/13
0,17524.5,17322,17322,,01/11/13
0,17344.5,0,0,,01/10/13
0,17490.9,0,0,,01/09/13
0,17261.83,0,0,,01/08/13
0,17145.86,0,0,,01/07/13
0,17294.63,0,0,,01/04/13
0,17446.67,0,0,,01/03/13
0,17646.25,0,0,,01/02/13
0,17085,17084,17080,,12/31/12
0,17141,17217,17217,,12/28/12
0,17217,0,0,,12/27/12
0,17015,17050,17000,,12/24/12
0,17282,0,0,,12/21/12
0,17502,0,0,,12/20/12
0,17675,0,0,,12/19/12
0,17732,17650.5,17650.5,,12/18/12
0,17538,0,0,,12/17/12
0,17810.5,17723,17713,,12/14/12
0,17637,0,0,,12/13/12
0,17635,0,0,,12/12/12
0,17735,0,0,,12/11/12
0,17715,0,0,,12/10/12
0,17166,0,0,,12/07/12
0,17141,0,0,,12/06/12
0,17493,0,0,,12/05/12
0,17446,0,0,,12/04/12
0,17440.5,0,0,,12/03/12
0,17598.93,0,0,,11/30/12
0,16949.88,0,0,,11/29/12
0,16932.37,0,0,,11/28/12
0,16899.8,0,0,,11/27/12
0,16399.4,0,0,,11/26/12
0,16563.95,0,0,,11/23/12
0,16501.91,0,0,,11/22/12
0,16642.76,0,0,,11/21/12
0,16335,16335,16325,,11/20/12
0,16411.71,0,0,,11/19/12
0,15903,0,0,,11/16/12
0,15858.5,0,0,,11/15/12
0,16115.8,0,0,,11/14/12
0,16011.67,0,0,,11/13/12
0,16036.71,0,0,,11/12/12
0,15907.75,0,0,,11/09/12
0,15960,16114,15950,,11/08/12
0,15949,0,0,,11/07/12
0,16025.77,0,0,,11/06/12
0,15852.79,0,0,,11/05/12
0,15928.8,0,0,,11/02/12
0,16249.75,0,0,,11/01/12
0,16137.21,0,0,,10/31/12
0,15990.7,0,0,,10/30/12
0,15905.71,0,0,,10/29/12
0,15942.2,0,0,,10/26/12
0,16071.7,0,0,,10/25/12
0,16337.96,0,0,,10/24/12
0,16287.67,0,0,,10/23/12
0,16521.68,0,0,,10/22/12
0,16885.17,0,0,,10/19/12
0,17251.67,0,0,,10/18/12
0,17112,0,0,,10/17/12
0,16859.68,0,0,,10/16/12
0,17026.66,0,0,,10/15/12
0,17016,17016,17016,,10/12/12
0,17663,0,0,,10/11/12
0,17613.4,0,0,,10/10/12
0,17867.83,0,0,,10/09/12
0,18014.86,0,0,,10/08/12
0,18243.88,0,0,,10/05/12
0,18650,18650,18600,,10/04/12
0,18469.67,0,0,,10/03/12
0,18394.85,0,0,,10/02/12
0,18673.86,0,0,,10/01/12
0,18426.87,0,0,,09/28/12
0,18299.75,0,0,,09/27/12
0,18005.89,0,0,,09/26/12
0,18351.08,0,0,,09/25/12
0,17930.57,0,0,,09/24/12
0,18136.59,0,0,,09/21/12
0,17855.09,0,0,,09/20/12
0,17718.04,0,0,,09/19/12
0,17781.75,0,0,,09/18/12
0,18182.5,0,0,,09/17/12
0,17740,0,0,,09/14/12
0,16704.25,0,0,,09/13/12
0,16603.4,0,0,,09/12/12
0,16773.83,0,0,,09/11/12
0,16718.86,0,0,,09/10/12
0,16442.31,0,0,,09/07/12
0,16002.56,0,0,,09/06/12
0,16044.94,0,0,,09/05/12
0,15893.31,0,0,,09/04/12
0,16164.55,0,0,,09/03/12
0,15897.8,0,0,,08/31/12
0,16280,16280,15919,,08/30/12
0,16243.96,0,0,,08/29/12
0,16193.8,0,0,,08/28/12
0,16430,16429,16133,,08/24/12
0,16424.73,0,0,,08/23/12
0,16025.77,0,0,,08/22/12
0,15764.74,0,0,,08/21/12
0,15487.75,0,0,,08/20/12
0,15566.76,0,0,,08/17/12
0,15462.77,0,0,,08/16/12
0,15236.36,0,0,,08/15/12
0,15406.68,0,0,,08/14/12
0,15312.6,0,0,,08/13/12
0,15338,0,0,,08/10/12
0,15439,0,0,,08/09/12
0,15686.8,0,0,,08/08/12
0,15694.67,0,0,,08/07/12
0,15748.71,0,0,,08/06/12
0,15553.75,0,0,,08/03/12
0,15190.78,0,0,,08/02/12
0,15494,0,0,,08/01/12
0,15807.69,0,0,,07/31/12
0,16197.64,0,0,,07/30/12
0,15829.67,0,0,,07/27/12
0,15825.56,0,0,,07/26/12
0,15826.58,0,0,,07/25/12
0,15710.35,0,0,,07/24/12
0,15563.5,0,0,,07/23/12
0,15904.5,0,0,,07/20/12
0,16008.52,0,0,,07/19/12
0,16047.73,0,0,,07/18/12
0,16042.7,0,0,,07/17/12
0,16168.71,0,0,,07/16/12
0,16108,16107,16107,,07/13/12
0,15722,0,0,,07/12/12
0,16044.4,0,0,,07/11/12
0,15998.83,0,0,,07/10/12
0,16354.86,0,0,,07/09/12
0,16110.88,0,0,,07/06/12
0,16667.67,0,0,,07/05/12
0,16904,0,0,,07/04/12
0,17268.54,16601,16475,,07/03/12
0,16575,16601,16475,,07/02/12
0,16695.2,0,0,,06/29/12
0,16174.56,0,0,,06/28/12
0,16212.58,0,0,,06/27/12
0,16253.55,0,0,,06/26/12
0,16372.57,0,0,,06/25/12
0,16528.55,0,0,,06/22/12
0,16396.57,0,0,,06/21/12
0,17138.52,0,0,,06/20/12
0,17025.5,0,0,,06/19/12
0,16586.56,0,0,,06/18/12
0,16791,16792,16792,,06/15/12
0,16579.5,0,0,,06/14/12
0,16923.8,0,0,,06/13/12
0,17119,0,0,,06/12/12
0,17240.25,0,0,,06/11/12
0,16861.67,0,0,,06/08/12
0,16525.75,0,0,,06/07/12
0,16030.57,0,0,,06/06/12
0,16025,16030,16015,,06/01/12
0,16160,0,0,,05/31/12
0,16229,0,0,,05/30/12
0,16477,0,0,,05/29/12
0,16929,0,0,,05/28/12
0,16980.94,0,0,,05/25/12
0,16915,17031,16905,,05/24/12
0,16690.43,0,0,,05/23/12
0,16833.86,0,0,,05/22/12
0,17119.83,0,0,,05/21/12
0,16760.83,0,0,,05/18/12
0,17130.72,0,0,,05/17/12
0,16944.14,0,0,,05/16/12
0,16938.66,0,0,,05/15/12
0,16825.57,0,0,,05/14/12
0,17159,0,0,,05/11/12
0,17122,0,0,,05/10/12
0,17139,0,0,,05/09/12
0,17298.83,0,0,,05/08/12
0,17370,17511,17360,,05/04/12
0,17212,0,0,,05/03/12
0,17211,0,0,,05/02/12
0,17629.23,0,0,,05/01/12
0,17818.21,0,0,,04/30/12
0,18023.2,0,0,,04/27/12
0,18123.13,0,0,,04/26/12
0,17524.32,0,0,,04/25/12
0,17329.1,0,0,,04/24/12
0,17471.1,0,0,,04/23/12
0,17728.14,0,0,,04/20/12
0,17527,0,0,,04/19/12
0,17577.88,0,0,,04/18/12
0,17751.93,17713,17713,,04/17/12
0,17434.89,0,0,,04/16/12
0,18247,0,0,,04/13/12
0,18635.25,18147,18147,,04/12/12
0,18034.4,0,0,,04/11/12
0,18102.83,0,0,,04/10/12
0,17865,17864,17859,,04/05/12
0,17785.88,0,0,,04/04/12
0,18384.46,0,0,,04/03/12
0,18155,0,0,,04/02/12
0,17754,0,0,,03/30/12
0,17079.1,0,0,,03/29/12
0,17499.23,0,0,,03/28/12
0,17702.95,0,0,,03/27/12
0,18072.95,0,0,,03/26/12
0,18105.91,0,0,,03/23/12
0,18376.96,0,0,,03/22/12
0,18723.23,0,0,,03/21/12
0,18967.07,0,0,,03/20/12
0,18968.07,0,0,,03/19/12
0,18823,0,0,,03/16/12
0,19300.5,0,0,,03/15/12
0,19497.2,0,0,,03/14/12
0,19368,0,0,,03/13/12
0,19173.5,0,0,,03/12/12
0,19217,0,0,,03/09/12
0,18709,0,0,,03/08/12
0,18811,0,0,,03/07/12
0,18652.15,0,0,,03/06/12
0,18979.45,0,0,,03/05/12
0,19384.2,19406.38,19406.38,,03/02/12
0,19405.19,19745,19745,,03/01/12
0,19170,0,0,,02/29/12
0,19692.9,0,0,,02/28/12
0,20071.9,0,0,,02/27/12
0,20094.91,0,0,,02/24/12
0,19918,0,0,,02/23/12
0,20019.25,0,0,,02/22/12
0,20146.8,0,0,,02/21/12
0,19669.83,0,0,,02/20/12
0,19539.1,19734.75,19734.75,,02/17/12
0,19755,19775,19745,,02/16/12
0,19988.64,0,0,,02/15/12
0,20062.09,0,0,,02/14/12
0,20459.09,0,0,,02/13/12
0,20610.11,0,0,,02/10/12
0,21428.11,0,0,,02/09/12
0,21405,21975,21798,,02/08/12
0,21712.67,0,0,,02/07/12
0,21610.43,0,0,,02/06/12
0,21221.5,0,0,,02/03/12
0,20795,0,0,,02/02/12
0,20895.67,0,0,,02/01/12
0,20780.92,0,0,,01/31/12
0,21245.14,0,0,,01/30/12
0,21638.8,21670.5,21670.5,,01/27/12
0,21539.88,21351.5,21351.5,,01/26/12
0,20882.05,0,0,,01/25/12
0,20581.17,0,0,,01/24/12
0,20266.48,0,0,,01/23/12
0,20407.43,0,0,,01/20/12
0,20152,0,0,,01/19/12
0,19444.81,0,0,,01/18/12
0,19473.56,0,0,,01/17/12
0,19379.29,0,0,,01/16/12
0,19561.43,0,0,,01/13/12
0,19641,0,0,,01/12/12
0,19427,19427,19427,,01/11/12
0,19488.33,19397,19397,,01/10/12
0,19092.43,0,0,,01/09/12
0,18752.25,0,0,,01/06/12
0,18688,0,0,,01/05/12
0,18805.92,0,0,,01/04/12
0,18912.69,0,0,,01/03/12
0,18724.5,0,0,,12/30/11
0,18182.07,0,0,,12/29/11
0,17891.53,0,0,,12/28/11
0,18630,18651,18625,,12/23/11
0,18662.5,0,0,,12/22/11
0,18943.62,0,0,,12/21/11
0,18843.89,0,0,,12/20/11
0,18373.75,0,0,,12/19/11
0,18558.64,0,0,,12/16/11
0,17907.14,0,0,,12/15/11
0,17405,17878,17878,,12/14/11
0,18307.17,0,0,,12/13/11
0,18436.29,0,0,,12/12/11
0,16956.67,16956.67,16956.67,,11/25/11
0,17074.75,17074.75,17074.75,,11/24/11
0,17025.6,17025.6,17025.6,,11/23/11
0,17558,17558,17558,,11/22/11
0,17814.33,17814.33,17814.33,,11/21/11
0,17665,17926.5,17665,,11/18/11
0,18169,18169,18169,,11/17/11
0,18174.86,18174.86,18174.86,,11/16/11
0,17544.67,17544.67,17544.67,,11/15/11
0,17801.53,17801.53,17801.53,,11/14/11
0,18069.61,18069.61,18069.61,,11/11/11
0,18079,18079,18079,,11/10/11
0,18031,18184.5,18031,,11/09/11
0,18330.83,18330.83,18330.83,,11/08/11
0,18685.71,18685.71,18685.71,,11/07/11
0,18885.25,18885.25,18560,,11/04/11
0,18403,18403,18403,,11/03/11
0,18559.08,18559.08,18559.08,,11/02/11
0,18576.92,18576.92,18576.92,,11/01/11
0,19556.58,19556.58,19556.58,,10/31/11
0,19681,19681,19681,,10/28/11
0,19880.75,19880.75,19880.75,,10/27/11
0,19105.79,19105.79,19105.79,,10/26/11
0,19724.08,19724.08,19724.08,,10/25/11
0,19969.14,19969.14,19969.14,,10/24/11
0,18771.73,18771.73,18675,,10/21/11
0,17970.04,17970.04,17970.04,,10/20/11
0,18765.73,18765.73,18765.73,,10/19/11
0,19115.67,19115.67,19115.67,,10/18/11
0,18943.25,18943.25,18943.25,,10/17/11
0,18842.8,18842.8,18842.8,,10/14/11
0,18417.36,18417.36,18417.36,,10/13/11
0,19043,19043,19043,,10/12/11
0,18838.5,18838.5,18838.5,,10/11/11
0,19347.14,19347.14,19347.14,,10/10/11
0,18874.13,18874.13,18874.13,,10/07/11
0,18918.13,18918.13,18918.13,,10/06/11
0,18369.67,18369.67,18369.67,,10/05/11
0,18720.92,18720.92,18720.92,,10/04/11
0,18996.14,18996.14,18996.14,,10/03/11
0,17570.8,17570.8,17570.8,,09/30/11
0,18641.5,18641.5,18641.5,,09/29/11
0,18477.63,18477.63,18477.63,,09/28/11
0,18930.5,18930.5,18930.5,,09/27/11
0,17981.38,17981.38,17981.38,,09/26/11
0,18255.82,18255.82,18255.82,,09/23/11
0,18856.3,18856.3,18856.3,,09/22/11
0,20375.73,20375.73,20375.73,,09/21/11
0,21192.85,21192.85,21192.85,,09/20/11
0,20946.79,20946.79,20946.79,,09/19/11
0,21486.21,21486.21,21486.21,,09/16/11
0,21785.14,21785.14,21785.14,,09/15/11
0,21364,21364,21150,,09/14/11
0,21289.67,21289.67,21289.67,,09/13/11
0,21588.43,21588.43,21588.43,,09/12/11
0,21129.75,21129.75,21129.75,,09/09/11
0,22058.67,22058.67,22058.67,,09/08/11
0,21748.08,21748.08,21748.08,,09/07/11
0,20636.62,20636.62,20636.62,,09/06/11
0,20854.14,20854.14,20854.14,,09/05/11
0,21458.93,21458.93,21458.93,,09/02/11
0,21708.93,21708.93,21708.93,,09/01/11
0,22159.37,22159.37,22159.37,,08/31/11
0,21866.25,21866.25,21866.25,,08/30/11
0,21414.38,21414.38,21414.38,,08/26/11
0,20812.82,20812.82,20812.82,,08/25/11
0,20789.92,20789.92,20789.92,,08/24/11
0,20625.22,20625.22,20625.22,,08/23/11
0,20811.21,20811.21,20811.21,,08/22/11
0,21165.97,21165.97,21165.97,,08/19/11
0,21261.5,21261.5,21261.5,,08/18/11
0,21911.42,21911.42,21911.42,,08/17/11
0,21659.35,21659.35,21659.35,,08/16/11
0,21254.24,21254.24,21254.24,,08/15/11
0,21354,21354,21354,,08/12/11
0,21553.49,21553.49,21553.49,,08/11/11
0,20927,22059.5,20927,,08/10/11
0,21166.17,21166.17,21166.17,,08/09/11
0,21212.29,21212.29,21212.29,,08/08/11
0,22469.75,22469.75,22469.75,,08/05/11
0,23616,23616,23616,,08/04/11
0,23770.33,23770.33,23770.33,,08/03/11
0,24764.85,24764.85,24764.85,,08/02/11
0,24513.02,24513.02,24513.02,,08/01/11
0,24955.6,24955.6,24955.6,,07/29/11
0,24514.44,24514.44,24514.44,,07/28/11
0,24355.42,24355.42,24355.42,,07/27/11
0,24060.25,24060.25,24060.25,,07/26/11
0,23759.33,23759.33,23759.33,,07/25/11
0,23935.36,23935.36,23935.36,,07/22/11
0,23912.09,23912.09,23912.09,,07/21/11
0,24007.46,24007.46,24007.46,,07/20/11
0,24089.78,24089.78,24089.78,,07/19/11
0,23764.5,23764.5,23764.5,,07/18/11
0,24127.39,24127.39,24127.39,,07/15/11
0,24178.36,24178.36,24178.36,,07/14/11
0,23943,23943,23714.25,,07/13/11
0,23612.17,23612.17,23612.17,,07/12/11
0,23190.57,23190.57,23190.57,,07/11/11
0,23857.25,23857.25,23857.25,,07/08/11
0,23870,23870,23870,,07/07/11
0,23348.92,23348.92,23348.92,,07/06/11
0,23272.08,23272.08,23272.08,,07/05/11
0,23140.86,23140.86,23140.86,,07/04/11
0,22967.07,22967.07,22967.07,,07/01/11
0,23396.07,23396.07,23396.07,,06/30/11
0,23053,23053,23053,,06/29/11
0,22660.17,22660.17,22660.17,,06/28/11
0,22179.14,22179.14,22179.14,,06/27/11
0,22125.91,22125.91,22125.91,,06/24/11
0,22100.43,22100.43,22100.43,,06/23/11
0,22124.31,22124.31,22124.31,,06/22/11
0,21852.22,21852.22,21852.22,,06/21/11
0,21619.14,21619.14,21619.14,,06/20/11
0,21593.83,21593.83,21593.83,,06/17/11
0,21569.2,21569.2,21569.2,,06/16/11
0,22000.55,22000.55,22000.55,,06/15/11
0,22285.06,22285.06,22285.06,,06/14/11
0,22246,22246,22246,,06/13/11
0,22821.4,22821.4,22821.4,,06/10/11
0,23176.31,23176.31,23176.31,,06/09/11
0,22686,22686,22456.5,,06/08/11
0,22605.65,22605.65,22605.65,,06/07/11
0,22615.8,22615.8,22615.8,,06/06/11
0,22786.33,22786.33,22786.33,,06/03/11
0,22563.33,22563.33,22563.33,,06/02/11
0,23241.42,23241.42,23241.42,,06/01/11
0,23587.38,23587.38,23587.38,,05/31/11
0,23081.07,23081.07,23081.07,,05/27/11
0,22821.45,22821.45,22821.45,,05/26/11
0,23401,23401,23401,,05/25/11
0,22886,22886,22886,,05/24/11
0,22379.43,22379.43,22379.43,,05/23/11
0,23525.73,23525.73,23525.73,,05/20/11
0,23545.65,23545.65,23545.65,,05/19/11
0,24668.43,24668.43,24668.43,,05/18/11
0,24144.22,24144.22,24144.22,,05/17/11
0,24356,24356,24356,,05/16/11
0,24398.07,24398.07,24398.07,,05/13/11
0,24549.07,24549.07,24549.07,,05/12/11
0,24549,24549,24432.65,,05/11/11
0,24848,24848,24848,,05/10/11
0,24362.71,24776.5,24362.71,,05/09/11
0,24590.75,24590.75,24590.75,,05/06/11
0,24511,24511,24511,,05/05/11
0,25811.67,25811.67,25811.67,,05/04/11
0,27291.92,27291.92,27291.92,,05/03/11
0,26836.57,26836.57,26836.57,,04/28/11
0,26609.6,26610.6,26609.6,,04/27/11
0,26631,26631,26631,,04/26/11
0,26880.24,26880.24,26880.24,,04/21/11
0,26380.23,26380.23,26380.23,,04/20/11
0,25289.67,25289.67,25289.67,,04/19/11
0,25495,25495,25495,,04/18/11
0,26152,26152,26152,,04/15/11
0,25797,25797,25797,,04/14/11
0,26255,26255,26225,,04/13/11
0,26689.33,26689.33,26689.33,,04/12/11
0,27703.57,27703.57,27703.57,,04/11/11
0,27595.5,27595.5,27595.5,,04/08/11
0,26801.67,26801.67,26801.67,,04/07/11
0,26434.75,26434.75,26434.75,,04/06/11
0,25384.85,25384.85,25384.85,,04/05/11
0,25479.57,25479.57,25479.57,,04/04/11
0,25576.9,25576.9,25576.9,,04/01/11
0,26077.06,26077.06,26077.06,,03/31/11
0,26012.16,26012.16,26012.16,,03/30/11
0,26585.25,26585.25,26585.25,,03/29/11
0,26209.1,26209.1,26209.1,,03/28/11
0,27042.27,27042.27,27042.27,,03/25/11
0,27192.7,27192.7,27192.7,,03/24/11
0,26818.29,26818.29,26818.29,,03/23/11
0,26342.78,26342.78,26342.78,,03/22/11
0,26743.68,26743.68,26743.68,,03/21/11
0,26750.03,26750.03,26750.03,,03/18/11
0,25925.05,25926.05,25925.05,,03/17/11
0,24949.42,24949.42,24949.42,,03/16/11
0,24687.5,24687.5,24687.5,,03/15/11
0,25802.86,25802.86,25802.86,,03/14/11
0,25924.57,25924.57,25924.57,,03/11/11
0,26022.51,26022.51,26022.51,,03/10/11
0,26122,26122,26122,,03/09/11
0,26795.33,27374,26795.33,,03/08/11
0,27444.86,27444.86,27444.86,,03/07/11
0,28773.25,28773.25,28773.25,,03/04/11
0,28835.67,28835.67,28835.67,,03/03/11
0,28578.11,28578.11,28578.11,,03/02/11
0,28755.56,28755.56,28755.56,,03/01/11
0,28972,28972,28972,,02/28/11
0,28170,28170,28170,,02/25/11
0,27479.5,27479.5,27479.5,,02/24/11
0,28659.58,28659.58,28659.58,,02/23/11
0,28628.25,28628.25,28628.25,,02/22/11
0,29282.19,29282.19,29282.19,,02/21/11
0,29123.45,29123.45,29123.45,,02/18/11
0,28463.45,28463.45,28463.45,,02/17/11
0,28544.31,28544.31,28544.31,,02/16/11
0,28719.04,28719.04,28719.04,,02/15/11
0,28870.36,28870.36,28870.36,,02/14/11
0,28276.79,28276.79,28276.79,,02/11/11
0,27830.29,27830.29,27830.29,,02/10/11
0,28357,28357,28104,,02/09/11
0,28365.83,28365.83,28365.83,,02/08/11
0,28292,28292,28292,,02/07/11
0,28350,28350,28350,,02/04/11
0,27931.67,27931.67,27931.67,,02/03/11
0,27981.33,27981.33,27981.33,,02/02/11
0,27972.08,27972.08,27972.08,,02/01/11
0,27327.21,27327.21,27327.21,,01/31/11
0,26589.6,26589.6,26589.6,,01/28/11
0,26465.25,26467.25,26465.25,,01/27/11
0,26472.95,26472.95,26472.95,,01/26/11
0,25876,25876,25876,,01/25/11
0,26129.81,26129.81,26129.81,,01/24/11
0,26139.45,26139.45,26139.45,,01/21/11
0,25746.09,25746.09,25746.09,,01/20/11
0,25646.65,25646.65,25646.65,,01/19/11
0,26081.52,26081.52,26081.52,,01/18/11
0,25814.39,25814.39,25814.39,,01/17/11
0,25852.64,25852.64,25852.64,,01/14/11
0,25528.61,25528.61,25528.61,,01/13/11
0,25776,25776,25776,,01/12/11
0,24670.83,24670.83,24670.83,,01/11/11
0,23845.86,23845.86,23845.86,,01/10/11
0,24174,24174,24174,,01/07/11
0,24528,24715,24528,,01/06/11
0,24714.17,24714.17,24664.17,,01/05/11
0,25113.85,25113.85,24711,,01/04/11
0,24258.93,24258.93,24117.5,,12/30/10
0,23802.6,23802.6,23802.6,,12/29/10
0,23855,24091,23850,,12/24/10
0,23546,23546,23546,,12/23/10
0,23996.14,23996.14,23996.14,,12/22/10
0,24571.13,24571.13,24571.13,,12/21/10
0,24498.22,24951.85,24498.22,,12/20/10
0,24947.3,24947.3,24947.3,,12/17/10
0,24646.91,24646.91,24646.91,,12/16/10
0,24498.86,24498.86,24498.86,,12/15/10
0,24445.67,24445.67,24445.67,,12/14/10
0,24472.5,24472.5,24472.5,,12/13/10
0,23919.5,23919.5,23919.5,,12/10/10
0,23549.5,23549.5,23549.5,,12/09/10
0,23953,23953,23953,,12/08/10
0,24062,24062,24062,,12/07/10
0,23577,23634.78,23481.75,,12/06/10
0,23477.25,23477.25,23477.25,,12/03/10
0,23630.33,23630.33,23630.33,,12/02/10
0,23512,23512,23512,,12/01/10
0,23003,23003,23003,,11/30/10
0,22375.93,22780,22375.93,,11/29/10
0,22503.47,22503.47,22503.47,,11/26/10
0,22779.25,22779.25,22779.25,,11/25/10
0,22448.95,22448.95,22448.95,,11/24/10
0,21549.16,21549.16,21549.16,,11/23/10
0,21543.81,21794.64,21543.81,,11/22/10
0,21792.32,21792.32,21792.32,,11/19/10
0,21791.3,21791.3,21791.3,,11/18/10
0,21489.23,21489.23,21489.23,,11/17/10
0,20757.26,22619.93,20757.26,,11/16/10
0,22287.11,23937.11,22287.11,,11/15/10
0,22615.82,22615.82,22615.82,,11/12/10
0,23933.82,23933.82,23933.82,,11/11/10
0,24088,24407,24088,,11/10/10
0,24554.4,24554.4,24554.4,,11/09/10
0,24060.14,24439.44,24060.14,,11/08/10
0,24391.25,24391.25,24391.25,,11/05/10
0,24437.11,24437.11,24437.11,,11/04/10
0,23483,23483,23483,,11/03/10
0,23410,23410,23410,,11/02/10
0,23178.36,23178.36,22924,,11/01/10
0,22920,22920,22920,,10/29/10
0,23031.81,23031.81,23031.81,,10/28/10
0,22740,22740,22740,,10/27/10
0,23235.45,23511.8,23235.45,,10/26/10
0,23510.75,23510.75,23164.36,,10/25/10
0,23161.45,23161.45,23161.45,,10/22/10
0,23487.09,23487.09,23487.09,,10/21/10
0,23882.27,23882.27,23882.27,,10/20/10
0,23409.33,23409.33,23409.33,,10/19/10
0,23752.48,24262,23752.48,,10/18/10
0,23987.25,23987.25,23987.25,,10/15/10
0,24262,24262,24262,,10/14/10
0,24361,24361,24111.5,,10/13/10
0,24014.83,24014.83,24014.83,,10/12/10
0,24290.71,24366.25,23866.63,,10/11/10
0,24362.75,24362.75,24362.75,,10/08/10
0,23865.75,23865.75,23865.75,,10/07/10
0,24782.17,24782.17,24782.17,,10/06/10
0,24709.85,24709.85,24709.85,,10/05/10
0,24124,24124,23409.5,,10/04/10
0,23851,23851,23851,,10/01/10
0,23408.63,23408.63,23408.63,,09/30/10
0,23367.68,23367.68,23367.68,,09/29/10
0,23200.75,23200.75,23200.75,,09/28/10
0,23120.57,23120.57,22768.96,,09/27/10
0,22927.45,22927.45,22927.45,,09/24/10
0,22768.22,22768.22,22768.22,,09/23/10
0,22570.85,22570.85,22570.85,,09/22/10
0,22352.7,22352.7,22352.7,,09/21/10
0,23083.93,23259.93,23083.93,,09/20/10
0,23214.52,23214.52,23214.52,,09/17/10
0,23259.2,23259.2,23259.2,,09/16/10
0,23213.03,23213.03,23213.03,,09/15/10
0,23354.94,23354.94,22847.77,,09/14/10
0,22847.14,22847.14,22500,,09/13/10
0,22497.6,22497.6,22497.6,,09/10/10
0,22745.6,22745.6,22745.6,,09/09/10
0,22894,22894,22460,,09/08/10
0,22161,22161,22161,,09/07/10
0,22110,22110,21558,,09/06/10
0,21553,21870.5,21553,,09/03/10
0,21455,21595,21425,,09/02/10
0,20999.33,20999.33,20999.33,,09/01/10
0,20646.85,20646.85,20646.85,,08/31/10
0,20555,20997,20551.5,,08/27/10
0,20395.87,20395.87,20395.87,,08/26/10
0,20034.58,20034.58,20034.58,,08/25/10
0,20541.4,20541.4,20541.4,,08/24/10
0,21140.36,21735.48,21140.36,,08/23/10
0,21490.86,21490.86,21490.86,,08/20/10
0,21733.83,21733.83,21733.83,,08/19/10
0,21833.54,21833.54,21833.54,,08/18/10
0,21880.85,21880.85,21880.85,,08/17/10
0,21479.86,21479.86,21209.86,,08/16/10
0,21209,21209,21209,,08/13/10
0,21358,21358,21358,,08/12/10
0,21627.6,21627.6,21627.6,,08/11/10
0,22131.17,22131.17,22131.17,,08/10/10
0,22733.14,22733.14,21812.33,,08/09/10
0,22036.13,22036.13,22036.13,,08/06/10
0,21810.11,21810.11,21810.11,,08/05/10
0,21888.25,21888.25,21888.25,,08/04/10
0,21601.08,21601.08,21601.08,,08/03/10
0,21884.07,21884.07,20609,,08/02/10
0,21081,21081,21081,,07/30/10
0,20607,20607,20607,,07/29/10
0,20336,20731,20336,,07/28/10
0,20475,20475,20475,,07/27/10
0,20727,20727,20185,,07/26/10
0,20282,20282,20282,,07/23/10
0,20183,20183,20183,,07/22/10
0,19421.88,19421.88,19421.88,,07/21/10
0,19050.96,19050.96,18731.71,,07/20/10
0,18730.86,19337.82,18730.86,,07/19/10
0,18886,18886,18886,,07/16/10
0,19336.5,19336.5,19336.5,,07/15/10
0,19340.2,19340.2,19340.2,,07/14/10
0,19490.17,19490.17,19490.17,,07/13/10
0,19140.14,19443.5,19140.14,,07/12/10
0,19443.25,19443.25,19443.25,,07/09/10
0,19343.22,19343.22,19343.22,,07/08/10
0,19093,19093,19093,,07/07/10
0,18839.46,18839.46,18839.46,,07/06/10
0,18609.79,18936.6,18609.79,,07/05/10
0,18735.8,18735.8,18735.8,,07/02/10
0,19150,19681.95,18935,,07/01/10
0,19681.95,20585.57,19681.95,,06/30/10
0,19010.7,20581.76,19010.7,,06/29/10
0,20581.76,20581.76,19329.61,,06/28/10
0,19679.82,19679.82,19679.82,,06/25/10
0,19327.87,19327.87,19327.87,,06/24/10
0,19204.42,19204.42,19204.42,,06/23/10
0,19578.78,19578.78,19578.78,,06/22/10
0,19777.79,19777.79,19521.59,,06/21/10
0,19520.79,19520.79,19520.79,,06/18/10
0,19731.8,19731.8,19731.8,,06/17/10
0,19972.36,19972.36,19972.36,,06/16/10
0,20160.71,20160.71,20160.71,,06/15/10
0,20230.71,20230.71,18886.66,,06/14/10
0,19480,19480,19299.5,,06/11/10
0,18885.5,18885.5,18885.5,,06/10/10
0,19217.6,19217.6,19217.6,,06/09/10
0,18412,18412,18412,,06/08/10
0,18132.71,18603,17883,,06/07/10
0,17882,17882,17882,,06/04/10
0,18601,18601,18601,,06/03/10
0,19577,20425,19577,,06/02/10
0,20425,20425,20425,,06/01/10
0,21555,21554,21277,,05/28/10
0,21727,21727,21727,,05/27/10
0,21041.79,21041.79,21041.79,,05/26/10
0,21118.95,21141,21118.95,,05/25/10
0,22125.95,22125.95,21130.3,,05/24/10
0,21279.95,21279.95,21279.95,,05/21/10
0,21128.43,21128.43,21128.43,,05/20/10
0,21231.33,21231.33,21231.33,,05/19/10
0,22080.85,22080.85,20628.71,,05/18/10
0,20627.86,22704.86,20627.86,,05/17/10
0,21483,21483,21483,,05/14/10
0,22702.5,22702.5,22702.5,,05/13/10
0,22482.6,22482.6,22482.6,,05/12/10
0,22521.17,22521.17,22521.17,,05/11/10
0,22937,22937,21987.33,,05/10/10
0,22485.75,22485.75,22485.75,,05/07/10
0,21985.78,21985.78,21985.78,,05/06/10
0,21862,21862,21862,,05/05/10
0,24596.38,24596.38,24596.38,,05/04/10
0,25810,26244,25800,,04/30/10
0,25343.67,25343.67,25343.67,,04/29/10
0,25592.74,25592.74,25592.74,,04/28/10
0,25865.55,25865.55,25865.55,,04/27/10
0,27092.57,27092.57,27092.57,,04/26/10
0,26989.07,26989.07,26989.07,,04/23/10
0,27035.57,27035.57,27035.57,,04/22/10
0,26940.73,27229.67,26637,,04/21/10
0,27227.67,27227.67,27227.67,,04/20/10
0,26637,27166.14,26637,,04/19/10
0,26645.5,27200,26645.5,,04/16/10
0,27165.5,27165.5,27165.5,,04/15/10
0,26339.2,26339.2,26339.2,,04/14/10
0,25444.08,25444.08,25444.08,,04/13/10
0,25720.57,25720.57,24669.67,,04/12/10
0,25142.63,25142.63,25142.63,,04/09/10
0,24668.56,24668.56,24668.56,,04/08/10
0,24679.5,24679.5,24679.5,,04/07/10
0,24799.77,24799.77,24799.77,,04/06/10
0,25475,25474,25011,,04/01/10
0,24960.8,24960.8,24960.8,,03/31/10
0,24322.75,24322.75,24322.75,,03/30/10
0,23965,23965,22808.09,,03/29/10
0,23569.86,23569.86,23569.86,,03/26/10
0,22806.7,22806.7,22806.7,,03/25/10
0,22216.08,22216.08,22216.08,,03/24/10
0,22456.7,22456.7,22456.7,,03/23/10
0,22233.71,22724,22233.71,,03/22/10
0,22412.66,22412.66,22412.66,,03/19/10
0,22722.67,22722.67,22722.67,,03/18/10
0,22212,22212,22212,,03/17/10
0,21859.68,21859.68,21859.68,,03/16/10
0,21445.83,21445.83,21445.83,,03/15/10
0,21685,21710,21685,,03/12/10
0,21223,21223,21223,,03/11/10
0,21448,21448,21448,,03/10/10
0,22176,22176,22176,,03/09/10
0,22225,22225,22225,,03/08/10
0,22321,22321,22321,,03/05/10
0,22221.22,22221.22,22221.22,,03/04/10
0,22768.5,22768.5,22768.5,,03/03/10
0,22159.15,22160.15,22159.15,,03/02/10
0,21368.14,21368.14,21368.14,,03/01/10
0,21097.13,21097.13,21097.13,,02/26/10
0,20271.13,20271.13,20271.13,,02/25/10
0,20399.32,20399.32,20399.32,,02/24/10
0,20116.1,20116.1,20116.1,,02/23/10
0,20400,20400,20400,,02/22/10
0,20650,20650,20070.42,,02/19/10
0,20376,20376,20069.54,,02/18/10
0,20068.65,20255.81,19281.64,,02/17/10
0,20255.81,20255.81,19280.82,,02/16/10
0,19280.82,19280.82,18378.82,,02/15/10
0,18570,18570,17639,,02/12/10
0,17945,18377,17478,,02/11/10
0,17638,17638,17203,,02/10/10
0,17474,17474,17202,,02/09/10
0,17202,17655,16978,,02/08/10
0,16977,16977,16977,,02/05/10
0,17653,17653,17653,,02/04/10
0,18277,18277,18277,,02/03/10
0,18225.92,18225.92,18225.92,,02/02/10
0,17929.93,17929.93,17929.93,,02/01/10
0,18434.87,18434.87,18434.87,,01/29/10
0,18275.94,18275.94,18275.94,,01/28/10
0,18119.84,18119.84,18119.84,,01/27/10
0,18122.95,18122.95,18122.95,,01/26/10
0,18077.95,18077.95,18077.95,,01/25/10
0,18240.82,18240.82,18240.82,,01/22/10
0,18873.83,18873.83,18873.83,,01/21/10
0,18730.31,18730.31,18730.31,,01/20/10
0,19143.78,19143.78,19143.78,,01/19/10
0,18818.75,18818.75,18818.75,,01/18/10
0,18528,18528,18526,,01/15/10
0,18350,18350,18228,,01/14/10
0,18230.2,18230.2,18230.2,,01/13/10
0,17627.83,17627.83,17627.83,,01/12/10
0,17819.86,17819.86,17819.86,,01/11/10
0,17832.88,17832.88,17832.88,,01/08/10
0,18386.89,18386.89,18386.89,,01/07/10
0,19086,19086,19086,,01/06/10
0,18636,18636,18636,,01/05/10
0,18921,18921,18921,,01/04/10